date,s1_total,s1_da,s1_imb,s2_total,s2_da,s2_imb,s2_curt,s3_total,s3_da,s3_imb,s3_curt,s4_total,s4_da,s4_imb,s4_curt,n_solar_qh
2026-01-01,4.0289015785625,11.689191652444999,-7.6602900738825,7.95580627132,9.787078636801251,-1.83127236548125,0,9.64396171740625,5.844595826222499,3.7993658911837502,0,7.95580627132,9.787078636801251,-1.83127236548125,0,31
2026-01-02,175.6567641982449,153.23903379555787,22.417730402687045,159.0391943482449,153.23903379555787,5.800160552687044,3,155.32134014287246,76.61951689777894,78.70182324509352,3,146.37023666074492,153.23903379555787,-6.868797134812958,5,35
2026-01-03,227.87670116038424,234.52943395329032,-6.652732792906116,227.87670116038424,234.52943395329032,-6.652732792906116,0,210.7882979270671,117.26471697664516,93.52358095042194,0,227.87670116038424,234.52943395329032,-6.652732792906116,0,35
2026-01-04,180.19783571459644,160.9149176481,19.282918066496446,180.19783571459644,160.9149176481,19.282918066496446,0,173.20991585729823,80.45745882405,92.75245703324822,0,180.19783571459644,160.9149176481,19.282918066496446,0,35
2026-01-05,52.22083919820543,36.20670641896908,16.014132779236363,52.22083919820543,36.20670641896908,16.014132779236363,0,67.21741542410271,18.10335320948454,49.11406221461817,0,52.22083919820543,36.20670641896908,16.014132779236363,0,27
2026-01-06,36.39762577958341,33.148661160345256,3.2489646192381567,36.39762577958341,33.148661160345256,3.2489646192381567,0,71.20458543979171,16.574330580172628,54.630254859619086,0,36.39762577958341,33.148661160345256,3.2489646192381567,0,30
2026-01-07,35.71682360353143,32.03959660653899,3.6772269969924363,35.71682360353143,32.03959660653899,3.6772269969924363,0,34.85490907051572,16.019798303269496,18.83511076724622,0,35.71682360353143,32.03959660653899,3.6772269969924363,0,31
2026-01-08,106.40216430261168,95.1626648958679,11.239499406743779,106.40216430261168,95.1626648958679,11.239499406743779,0,147.44063643255583,47.58133244793395,99.85930398462187,0,106.40216430261168,95.1626648958679,11.239499406743779,0,30
2026-01-09,170.7061402100557,155.59877311084904,15.107367099206662,170.7061402100557,155.59877311084904,15.107367099206662,0,197.14139824252786,77.79938655542452,119.34201168710332,0,170.7061402100557,155.59877311084904,15.107367099206662,0,35
2026-01-10,189.4081257846283,178.38859498054603,11.019530804082308,189.4081257846283,178.38859498054603,11.019530804082308,0,211.23205102356417,89.19429749027302,122.03775353329115,0,189.4081257846283,178.38859498054603,11.019530804082308,0,35
2026-01-11,85.30519231537392,80.81535322364401,4.489839091729915,85.30519231537392,80.81535322364401,4.489839091729915,0,79.82564300143696,40.407676611822005,39.41796638961495,0,85.30519231537392,80.81535322364401,4.489839091729915,0,35
2026-01-12,26.97129904607094,27.52840534113885,-0.5571062950679162,26.97129904607094,27.52840534113885,-0.5571062950679162,0,29.216102226160466,13.764202670569425,15.45189955559104,0,26.97129904607094,27.52840534113885,-0.5571062950679162,0,31
2026-01-13,23.541135443536113,24.0069750689678,-0.4658396254316849,23.541135443536113,24.0069750689678,-0.4658396254316849,0,24.929218284268057,12.0034875344839,12.925730749784158,0,23.541135443536113,24.0069750689678,-0.4658396254316849,0,28
2026-01-14,133.92757317494454,133.44979373995096,0.4777794349935507,133.92757317494454,133.44979373995096,0.4777794349935507,0,114.58966172184725,66.72489686997548,47.864764851871776,0,133.92757317494454,133.44979373995096,0.4777794349935507,0,34
2026-01-15,208.41753669709192,190.71285346544366,17.704683231648232,208.41753669709192,190.71285346544366,17.704683231648232,0,156.82254368604595,95.35642673272183,61.46611695332412,0,208.41753669709192,190.71285346544366,17.704683231648232,0,34
2026-01-16,406.10337178599394,435.28822438053874,-29.184852594544793,402.705125629744,435.28822438053874,-32.58309875079479,3,361.61451001799696,217.64411219026937,143.9703978277276,3,402.705125629744,435.28822438053874,-32.58309875079479,3,35
2026-01-17,363.1113705048768,386.05893524656403,-22.947564741687245,363.1113705048768,386.05893524656403,-22.947564741687245,0,315.1430391586884,193.02946762328202,122.11357153540638,0,363.1113705048768,386.05893524656403,-22.947564741687245,0,35
2026-01-18,355.93937774907505,400.6834572380175,-44.7440794889425,355.93937774907505,400.6834572380175,-44.7440794889425,0,389.58730349328755,200.34172861900876,189.24557487427876,0,355.93937774907505,400.6834572380175,-44.7440794889425,0,35
2026-01-19,190.11567183710207,187.34988233909968,2.7657894980023845,190.11567183710207,187.34988233909968,2.7657894980023845,0,172.634218431051,93.67494116954984,78.9592772615012,0,190.11567183710207,187.34988233909968,2.7657894980023845,0,35
2026-01-20,47.57149107698805,45.58925484215233,1.9822362348357205,47.57149107698805,45.58925484215233,1.9822362348357205,0,51.26050039161902,22.794627421076164,28.46587297054286,0,47.57149107698805,45.58925484215233,1.9822362348357205,0,30
2026-01-21,134.23050539817865,116.1339448831223,18.096560515056346,134.23050539817865,116.1339448831223,18.096560515056346,0,126.5116910147143,58.06697244156115,68.44471857315317,0,134.23050539817865,116.1339448831223,18.096560515056346,0,33
2026-01-22,80.78428091374352,77.71700151098094,3.067279402762565,80.78428091374352,77.71700151098094,3.067279402762565,0,89.36915281937175,38.85850075549047,50.51065206388128,0,80.78428091374352,77.71700151098094,3.067279402762565,0,34
2026-01-23,282.88619327947504,257.7299737637889,25.156219515686157,282.88619327947504,257.7299737637889,25.156219515686157,0,291.3648171522375,128.86498688189445,162.4998302703431,0,282.88619327947504,257.7299737637889,25.156219515686157,0,35
2026-01-24,160.74947759836806,159.23069772797453,1.5187798703935371,160.74947759836806,159.23069772797453,1.5187798703935371,0,158.81162732418403,79.61534886398726,79.19627846019677,0,160.74947759836806,159.23069772797453,1.5187798703935371,0,30
2026-01-25,48.85826174703007,51.241077241644035,-2.3828154946139595,48.85826174703007,51.241077241644035,-2.3828154946139595,0,46.20035858289003,25.620538620822018,20.579819962068022,0,48.85826174703007,51.241077241644035,-2.3828154946139595,0,34
2026-01-26,77.99141010727547,70.36858927879592,7.622820828479546,77.99141010727547,70.36858927879592,7.622820828479546,0,73.53330835051273,35.18429463939796,38.34901371111478,0,77.99141010727547,70.36858927879592,7.622820828479546,0,31
2026-01-27,98.59844125357401,116.25128330654168,-17.65284205296767,73.31494122232402,116.25128330654168,-42.93634208421767,8,76.648868779912,58.12564165327084,18.523227126641164,8,73.31494122232402,116.25128330654168,-42.93634208421767,8,37
2026-01-28,274.4737355344869,232.11274238214838,42.360993152338466,274.4737355344869,232.11274238214838,42.360993152338466,0,252.94205423286843,116.05637119107419,136.88568304179424,0,274.4737355344869,232.11274238214838,42.360993152338466,0,39
2026-01-29,181.78847182562816,163.6320100994343,18.156461726193882,181.78847182562816,163.6320100994343,18.156461726193882,0,190.6196004159391,81.81600504971715,108.80359536622196,0,181.78847182562816,163.6320100994343,18.156461726193882,0,38
2026-01-30,252.7165439230169,229.84708064208178,22.869463280935133,252.7165439230169,229.84708064208178,22.869463280935133,0,228.10886440838345,114.92354032104089,113.18532408734258,0,252.7165439230169,229.84708064208178,22.869463280935133,0,37
2026-01-31,65.28980140034008,61.24419738459063,4.045604015749456,65.28980140034008,61.24419738459063,4.045604015749456,0,54.732089153295036,30.622098692295314,24.10999046099973,0,65.28980140034008,61.24419738459063,4.045604015749456,0,36
2026-02-01,68.85358813466,38.582116555027504,30.271471579632504,68.85358813466,38.582116555027504,30.271471579632504,0,63.071259982955,19.291058277513752,43.78020170544125,0,68.85358813466,38.582116555027504,30.271471579632504,0,39
2026-02-02,63.596042004446666,55.358728331230296,8.23731367321637,63.596042004446666,55.358728331230296,8.23731367321637,0,68.75021962097333,27.679364165615148,41.070855455358185,0,63.596042004446666,55.358728331230296,8.23731367321637,0,36
2026-02-03,214.9701989451976,193.05864480232628,21.911554142871317,214.9701989451976,193.05864480232628,21.911554142871317,0,198.9511775538488,96.52932240116314,102.42185515268565,0,214.9701989451976,193.05864480232628,21.911554142871317,0,38
2026-02-04,97.64514267562487,86.6115975771254,11.033545098499477,97.64514267562487,86.6115975771254,11.033545098499477,0,98.55386584406244,43.3057987885627,55.24806705549973,0,97.64514267562487,86.6115975771254,11.033545098499477,0,36
2026-02-05,88.95057610874468,101.77985302448613,-12.829276915741419,88.95057610874468,101.77985302448613,-12.829276915741419,0,102.75175733562234,50.889926512243065,51.86183082337929,0,88.95057610874468,101.77985302448613,-12.829276915741419,0,39
2026-02-06,78.36843055418544,76.16098368120794,2.2074468729774797,65.05051695659645,73.51723997234441,-8.466723015747961,0,45.046621408342716,38.08049184060397,6.966129567738741,0,65.05051695659645,73.51723997234441,-8.466723015747961,0,39
2026-02-07,98.50064533933633,95.3901530576233,3.1104922817130385,118.50010727944981,81.16624739224672,37.33385988720308,0,66.88552349779316,47.69507652881165,19.190446968981515,0,118.50010727944981,81.16624739224672,37.33385988720308,0,35
2026-02-08,106.49157962198296,104.21205007742341,2.27952954455955,106.49157962198296,104.21205007742341,2.27952954455955,0,101.59709862974148,52.10602503871171,49.491073591029775,0,106.49157962198296,104.21205007742341,2.27952954455955,0,39
2026-02-09,260.3214879674041,255.263466808126,5.058021159278098,260.3214879674041,255.263466808126,5.058021159278098,0,258.730429949327,127.631733404063,131.09869654526406,0,260.3214879674041,255.263466808126,5.058021159278098,0,39
2026-02-10,-9.656199174078951,82.24874022766991,-91.90493940174888,-28.36060523657895,82.24874022766991,-110.60934546424888,4,223.8268015567105,41.124370113834956,182.70243144287554,4,-28.36060523657895,82.24874022766991,-110.60934546424888,4,38
2026-02-11,36.77824514802949,20.494346225979477,16.28389892205001,45.05829257068156,14.382728610146946,30.675563960534607,0,46.83126629588975,10.247173112989739,36.584093182900006,0,45.05829257068156,14.382728610146946,30.675563960534607,0,39
2026-02-12,37.435246180676465,60.969369795477505,-23.534123614801036,176.90545545918945,51.01153857103214,125.89391688815732,0,145.78101911221324,30.484684897738752,115.29633421447448,0,176.90545545918945,51.01153857103214,125.89391688815732,0,39
2026-02-13,423.4715637053905,411.7924495835192,11.679114121871368,423.4715637053905,411.7924495835192,11.679114121871368,0,506.8609280308203,205.8962247917596,300.96470323906067,0,423.4715637053905,411.7924495835192,11.679114121871368,0,39
2026-02-14,40.58308182069455,64.13690475023927,-23.55382292954471,157.21858663940176,34.16313788760078,123.05544875180101,0,157.34282625722227,32.068452375119634,125.27437388210265,0,157.21858663940176,34.16313788760078,123.05544875180101,0,39
2026-02-15,75.36407286301235,56.65169913945925,18.712373723553103,189.00658452167784,42.253002974244055,146.7535815474338,0,170.09638477838118,28.325849569729623,141.77053520865155,0,189.00658452167784,42.253002974244055,146.7535815474338,0,39
2026-02-16,52.8350570999265,53.34292621318407,-0.5078691132575708,272.11401694418345,40.76161436591024,231.35240257827314,0,286.17275870933827,26.671463106592036,259.50129560274615,0,272.11401694418345,40.76161436591024,231.35240257827314,0,39
2026-02-17,110.48368365776508,107.12051369719799,3.36316996056709,73.8728550817349,90.7534264305038,-16.880571348768893,0,98.43974636013255,53.560256848598996,44.87948951153355,0,73.8728550817349,90.7534264305038,-16.880571348768893,0,39
2026-02-18,125.4877128407654,92.88207582464292,32.60563701612247,160.46283411756417,77.76515030541856,82.69768381214561,0,165.11907675475769,46.44103791232146,118.67803884243624,0,160.46283411756417,77.76515030541856,82.69768381214561,0,39
2026-02-19,76.75268596492455,77.66969389389622,-0.9170079289716723,50.91802545290322,71.78899456226375,-20.870969109360534,12,50.96758476996227,38.83484694694811,12.132737823014164,12,10.367569127903225,71.78899456226375,-61.42142543436053,32,39
2026-02-20,180.2538210124582,183.77910315605806,-3.5252821435998816,155.30357510217453,163.2575251278651,-7.953950025690595,8,70.7359483718541,91.88955157802903,-21.15360320617495,8,155.23419540842454,163.2575251278651,-8.02332971944059,17,39
2026-02-21,-32.18289258299905,12.38707367276752,-44.56996625576658,89.93095330115284,7.940046868291822,81.99090643286101,25,43.82057053037548,6.19353683638376,37.627033693991706,34,159.64881528865283,7.940046868291822,151.70876842036103,30,39
2026-02-22,-4.188236710299092,1.7615982259655014,-5.949834936264595,147.72962358923166,0.9146331238049482,146.81499046542675,14,-11.819878830149552,0.8807991129827507,-12.700677943132305,36,142.25089608923167,0.9146331238049482,141.33626296542673,15,39
2026-02-23,16.670001332483825,29.05297415208783,-12.382972819604008,-147.13294918123444,23.537374403731928,-170.67032358496638,0,-111.7118105650081,14.526487076043916,-126.23829764105199,0,-147.13294918123444,23.537374403731928,-170.67032358496638,0,39
2026-02-24,72.855555505015,65.96925990216462,6.886295602850389,79.80759587316349,50.563195038867065,29.244400834296428,0,64.92452996500751,32.98462995108231,31.939900013925193,0,79.80759587316349,50.563195038867065,29.244400834296428,0,40
2026-02-25,61.068639629711726,44.86660958168505,16.20203004802668,21.989727735206216,40.801787992539715,-18.8120602573335,10,97.83514189610587,22.433304790842524,75.40183710526334,21,21.989727735206216,40.801787992539715,-18.8120602573335,10,41
2026-02-26,33.111600469395626,37.885260073393326,-4.773659603997699,-82.90478393301122,27.669884477705814,-110.57466841071704,23,169.3914460690728,18.942630036696663,150.44881603237616,35,-82.90478393301122,27.669884477705814,-110.57466841071704,23,41
2026-02-27,7.212882734912013,16.744189746754362,-9.531307011842348,112.82819025757124,9.440308178528232,103.38788207904301,0,55.71043856433101,8.372094873377181,47.33834369095383,0,112.82819025757124,9.440308178528232,103.38788207904301,0,42
2026-02-28,0.5892844608718911,0.8783284015655266,-0.2890439406936355,-0.037853840380909665,0.44166746978741933,-0.47952131016832955,0,0.9495298710609456,0.4391642007827633,0.510365670278182,0,-2.4875825528809097,0.44166746978741933,-2.9292500226683282,19,40
2026-03-01,3.616864047372499,1.307382247305,2.3094818000674993,-12.3570674589875,0.7034741422200002,-13.0605416012075,17,-1.73431959193875,0.6536911236525,-2.3880107155912498,32,-12.3570674589875,0.7034741422200002,-13.0605416012075,17,39
2026-03-02,-1.449198312010767,14.178254466120405,-15.627452778131172,-22.778868300314844,8.466572274791575,-31.245440575106425,11,-23.200904484130383,7.089127233060203,-30.290031717190583,11,54.98190861218516,8.466572274791575,46.51533633739358,32,42
2026-03-03,73.31055571274479,75.0192813971579,-1.7087256844131078,115.26433322992366,60.39779796696803,54.86653526295562,0,116.5644054438724,37.50964069857895,79.05476474529345,0,115.26433322992366,60.39779796696803,54.86653526295562,0,41
2026-03-04,155.38308103398722,149.3132151101891,6.069865923798116,107.99759214922648,138.77835905385686,-30.780766904630386,0,65.28457983574361,74.65660755509455,-9.37202771935095,0,110.46702366797648,138.77835905385686,-28.311335385880383,4,41
2026-03-05,176.00653317142428,180.094219689076,-4.087686517651727,69.18248230059613,179.44285490452845,-110.26037260393232,27,67.58616453258713,90.047109844538,-22.460945311950862,27,65.34452250059613,179.44285490452845,-114.09833240393232,29,47
2026-03-06,34.76068626469485,36.829821103481194,-2.069134838786356,34.76068626469485,36.829821103481194,-2.069134838786356,0,45.91352903547242,18.414910551740597,27.49861848373182,0,34.76068626469485,36.829821103481194,-2.069134838786356,0,41
2026-03-07,122.76927630756626,109.76603458276426,13.003241724801997,131.86652844291194,101.86324867484373,30.003279768068232,0,148.1468328319081,54.88301729138213,93.263815540526,0,131.86652844291194,101.86324867484373,30.003279768068232,0,46
2026-03-08,100.5104965032711,94.85727082865523,5.653225674615867,116.63914394935745,83.89593459955523,32.74320934980221,0,118.78199645163555,47.428635414327616,71.35336103730793,0,116.63914394935745,83.89593459955523,32.74320934980221,0,46
2026-03-09,117.52496242037523,113.23722553183886,4.287736888536353,117.52496242037523,113.23722553183886,4.287736888536353,0,80.2034664570626,56.61861276591943,23.584853691143174,0,117.52496242037523,113.23722553183886,4.287736888536353,0,45
2026-03-10,284.8729807902312,290.56328474924044,-5.690303959009214,284.8729807902312,290.56328474924044,-5.690303959009214,0,248.8587821576156,145.28164237462022,103.5771397829954,0,284.8729807902312,290.56328474924044,-5.690303959009214,0,45
2026-03-11,147.20906471037722,147.4073379533327,-0.19827324295549387,87.74335022035895,131.98864933604148,-44.24529911568254,0,24.307842292688605,73.70366897666635,-49.395826683977745,0,154.20933855160894,131.98864933604148,22.220689215567468,23,47
2026-03-12,51.13309268121462,71.45831788424289,-20.32522520302828,-49.623057887372106,69.67825787256166,-119.30131575993377,0,-79.4723516125177,35.729158942121444,-115.20151055463914,0,-49.623057887372106,69.67825787256166,-119.30131575993377,0,45
2026-03-13,50.168804661145266,44.00251461345191,6.16629004769336,70.40330802551793,30.404771920035635,39.998536105482295,0,76.74860331182263,22.001257306725954,54.747346005096674,0,70.40330802551793,30.404771920035635,39.998536105482295,0,45
2026-03-14,85.071394706712,80.26605969969683,4.805335007015174,85.071394706712,80.26605969969683,4.805335007015174,0,62.598706928356,40.13302984984841,22.465677078507586,0,85.071394706712,80.26605969969683,4.805335007015174,0,41
2026-03-15,16.017904814812567,13.473225658730671,2.5446791560818918,21.956460465207122,12.296615129989538,9.659845335217579,0,16.65402542615628,6.736612829365336,9.917412596790946,0,21.35026766520712,12.296615129989538,9.05365253521758,1,46
2026-03-16,91.44250089358025,86.2780433450587,5.164457548521553,123.2909174480699,72.20572553306032,51.085191915009595,0,122.28988969679014,43.13902167252935,79.15086802426077,0,123.2909174480699,72.20572553306032,51.085191915009595,0,47
2026-03-17,17.90149657136234,31.30757626500863,-13.40607969364629,-78.654562795406,30.25693444190179,-108.9114972373078,0,-66.31664728619384,15.653788132504316,-81.97043541869816,0,-78.654562795406,30.25693444190179,-108.9114972373078,0,43
2026-03-18,37.28820676642317,32.35315412365343,4.935052642769744,-5.090018045713705,28.829067704528946,-33.919085750242644,10,39.83072886133659,16.176577061826716,23.654151799509865,26,-5.090018045713705,28.829067704528946,-33.919085750242644,10,45
2026-03-19,12.090078398978195,18.388189927922667,-6.298111528944473,-131.49939764065792,16.40500877807225,-147.90440641873016,0,-93.41166887863591,9.194094963961334,-102.60576384259723,0,-131.49939764065792,16.40500877807225,-147.90440641873016,0,47
2026-03-20,127.7328439576824,101.77224735067188,25.960596607010523,249.40931763339316,90.86447580914935,158.5448418242438,8,284.64714649134123,50.88612367533594,233.76102281600527,8,249.40931763339316,90.86447580914935,158.5448418242438,8,47
2026-03-21,93.97973737034644,67.35057449587408,26.629162874472364,217.68652569534999,52.29214596755702,165.39437972779297,0,227.67676272267323,33.67528724793704,194.0014754747362,0,217.68652569534999,52.29214596755702,165.39437972779297,0,47
2026-03-22,4.8614248058654645,24.418722422476463,-19.557297616611002,87.81964789057812,25.860768411572884,61.958879479005226,19,-81.74590565956726,12.209361211238232,-93.9552668708055,38,87.81964789057812,25.860768411572884,61.958879479005226,19,47
2026-03-23,274.7454932082346,228.28586546973725,46.459627738497375,183.31027015993905,211.09785328029866,-27.787583120359606,0,422.8313102259923,114.14293273486862,308.6883774911237,0,183.31027015993905,211.09785328029866,-27.787583120359606,0,47
2026-03-24,111.02700281632016,101.02381970946558,10.003183106854594,42.5041040656313,98.1933077462013,-55.68920368057,30,258.01739766441005,50.51190985473279,207.5054878096773,37,42.5041040656313,98.1933077462013,-55.68920368057,30,47
2026-03-25,-118.90829450476502,4.7141757627750005,-123.62247026754001,-166.60976825662124,2.3626317692925003,-168.97240002591374,0,-176.4322606773825,2.3570878813875002,-178.78934855877,0,-166.60976825662124,2.3626317692925003,-168.97240002591374,0,47
2026-03-26,422.41509307731,88.0885097952075,334.3265832821025,487.434234931995,84.932522901225,402.50171203077,0,527.56502504178,44.04425489760375,483.52077014417625,0,487.434234931995,84.932522901225,402.50171203077,0,47
2026-03-27,345.947917046665,264.9601442742525,80.98777277241248,345.947917046665,264.9601442742525,80.98777277241248,0,249.6088684139575,132.48007213712626,117.12879627683125,0,338.04556987166495,264.9601442742525,73.0854255974125,1,47
2026-03-28,86.24677123002752,55.424751879982495,30.822019350045004,101.84411320358998,49.217245997028755,52.62686720656125,0,72.28880892126375,27.712375939991247,44.57643298127248,0,101.84411320358998,49.217245997028755,52.62686720656125,0,47
2026-03-30,-47.38041952764749,131.21447029704,-178.5948898246875,-127.11056229033748,121.7331667424025,-248.84372903274001,0,-192.68613124819873,65.60723514852,-258.29336639671874,0,-127.11056229033748,121.7331667424025,-248.84372903274001,0,48
2026-03-31,873.1483926476375,266.117152396095,607.0312402515424,449.84721369138754,266.117152396095,183.73006129529247,21,587.6780516706938,133.0585761980475,454.6194754726462,21,449.84721369138754,266.117152396095,183.73006129529247,21,49
2026-04-01,712.1481896357109,681.1567267624639,30.991462873247052,712.1481896357109,681.1567267624639,30.991462873247052,0,753.6016447334804,340.57836338123195,413.02328135224855,0,712.1481896357109,681.1567267624639,30.991462873247052,0,48
2026-04-02,407.66635548404366,369.8382834386089,37.82807204543475,407.66635548404366,369.8382834386089,37.82807204543475,0,399.61553920764686,184.91914171930446,214.69639748834237,0,407.66635548404366,369.8382834386089,37.82807204543475,0,48
2026-04-03,134.63800258848312,104.55139839497578,30.08660419350735,126.59973099566236,96.55943841998558,30.040292575676766,0,126.66695152236656,52.27569919748789,74.39125232487868,0,126.13076237066235,96.55943841998558,29.571323950676764,1,48
2026-04-04,45.30405309660548,31.06293849447348,14.241114602131997,-88.48617006604614,23.042216113542736,-111.52838617958888,6,43.95552311080273,15.53146924723674,28.424053863565995,16,-80.14826145979615,23.042216113542736,-103.19047757333888,31,50
2026-04-05,-174.92943772713863,-172.24980378036486,-2.679633946773757,505.0888201403925,0.019217101809985024,505.06960303858256,1,355.1219008926806,-86.12490189018243,441.24680278286314,25,504.1171366153925,0.019217101809985024,504.09791951358255,3,49
2026-04-06,-47.2561097629044,-56.25525637155542,8.999146608651026,-176.2140683744454,3.726819587546006,-179.9408879619914,1,42.61028096854781,-28.12762818577771,70.73790915432551,19,-176.2140683744454,3.726819587546006,-179.9408879619914,1,46
2026-04-07,50.97505001519112,28.0294867389608,22.945563276230324,121.96678286471592,43.652474776433316,78.31430808828262,1,177.53486499509557,14.0147433694804,163.52012162561516,9,108.64558515221593,43.652474776433316,64.9931103757826,3,50
2026-04-08,101.72682523910856,110.9895844330661,-9.262759193957548,136.37945193336253,135.9078940249462,0.47155790841632594,0,26.748829707054284,55.49479221653305,-28.745962509478776,0,136.37945193336253,135.9078940249462,0.47155790841632594,0,50
2026-04-09,51.53967848548673,54.00415385105393,-2.4644753655671945,435.73575385815815,59.61946062523583,376.1162932329223,0,256.0189346833684,27.002076925526964,229.01685775784142,0,435.73575385815815,59.61946062523583,376.1162932329223,0,50
2026-04-10,151.24890372521696,146.0597156221474,5.189188103069527,154.17798167722478,128.24182826735773,25.936153409867057,0,145.6530796844835,73.0298578110737,72.62322187340976,0,154.05275640222476,128.24182826735773,25.810928134867055,1,46
2026-04-11,-210.75305777782802,-55.83280656056392,-154.92025121726408,899.4066563297489,12.36173007709117,887.0449262526577,0,339.34414514546097,-27.91640328028196,367.2605484257429,0,899.4066563297489,12.36173007709117,887.0449262526577,0,47
2026-04-12,73.18489593506197,72.91583050363997,0.26906543142202244,52.407921835322654,39.68215086419277,12.725770971129878,4,54.83557658940599,36.45791525181998,18.377661337586016,4,76.09236651657264,39.68215086419277,36.410215652379875,17,50
2026-04-13,914.4069984090069,860.5127724340523,53.89422597495453,914.4069984090069,860.5127724340523,53.89422597495453,0,767.2944980482534,430.25638621702615,337.0381118312273,0,914.4069984090069,860.5127724340523,53.89422597495453,0,51
