date,s1_total,s1_da,s1_imb,s2_total,s2_da,s2_imb,s2_curt,s3_total,s3_da,s3_imb,s3_curt,n_solar_qh
2025-01-01,4.45040041184915,4.693035723587668,-0.24263531173851932,4.45040041184915,4.693035723587668,-0.24263531173851932,0,3.2171005601694036,3.2851250065113673,-0.0680244463419647,0,31
2025-01-02,271.38796737641326,325.24203698184533,-53.85406960543211,258.4361079326632,325.24203698184533,-66.8059290491821,4,225.82190887723925,227.6694258872917,-1.8475170100524636,6,35
2025-01-03,288.4723381333812,279.6557433756171,8.816594757764177,198.19939067088126,279.6557433756171,-81.45635270473582,32,145.6101518021169,195.75902036293195,-50.14886856081507,28,35
2025-01-04,267.5205023687374,285.06825411862246,-17.54775174988502,267.5205023687374,285.06825411862246,-17.54775174988502,0,234.19527283936623,199.54777788303574,34.64749495633049,0,35
2025-01-05,14.945235766091706,14.306774405975482,0.638461360116225,8.735000522341705,14.306774405975482,-5.5717738836337745,27,7.143029921889193,10.014742084182837,-2.871712162293642,23,27
2025-01-06,8.65436028337844,7.383441141037997,1.2709191423404416,6.399088577128438,7.383441141037997,-0.9843525639095578,24,5.6045460952399075,5.168408798726597,0.4361372965133098,23,30
2025-01-07,27.469541577326936,22.09588143505976,5.373660142267175,21.859169108576936,22.09588143505976,-0.2367123264828237,22,18.584628043503855,15.46711700454183,3.1175110389620238,21,31
2025-01-08,79.71542920264284,127.34843103478548,-47.63300183214263,79.71542920264284,127.34843103478548,-47.63300183214263,0,99.64376697435,89.14390172434983,10.499865250000166,0,30
2025-01-09,172.37896400305743,160.14594499435236,12.233019008705064,170.9263516405574,160.14594499435236,10.780406646205064,5,152.8421604240152,112.10216149604663,40.73999892796855,0,35
2025-01-10,322.68998430121513,276.06122648218866,46.628757819026404,322.68998430121513,276.06122648218866,46.628757819026404,0,320.5879018921006,193.24285853753207,127.34504335456849,0,35
2025-01-11,114.65599997932313,92.49515550066991,22.160844478653203,114.65599997932313,92.49515550066991,22.160844478653203,0,125.64176807427619,64.74660885046893,60.89515922380725,0,35
2025-01-12,42.824010790507344,27.71319214624652,15.110818644260823,42.824010790507344,27.71319214624652,15.110818644260823,0,44.01310270335514,19.39923450237256,24.613868200982576,0,31
2025-01-13,38.25871701141517,26.680253925991153,11.57846308542402,38.25871701141517,26.680253925991153,11.57846308542402,0,36.23183902486562,18.676177748193805,17.555661276671813,0,28
2025-01-14,170.85815270593835,117.06238568541505,53.79576702052329,170.85815270593835,117.06238568541505,53.79576702052329,0,194.41097241540683,81.94366997979054,112.46730243561632,0,34
2025-01-15,413.825080599803,394.90026372140983,18.92481687839318,413.825080599803,394.90026372140983,18.92481687839318,0,501.8985014067371,276.43018460498683,225.46831680175026,0,34
2025-01-16,471.1070616015337,468.5519037900898,2.555157811443893,471.1070616015337,468.5519037900898,2.555157811443893,0,458.7517800460736,327.98633265306285,130.76544739301073,0,35
2025-01-17,471.1974913646074,370.6282460862801,100.56924527832732,471.1974913646074,370.6282460862801,100.56924527832732,0,492.9265165714752,259.43977226039607,233.48674431107915,0,35
2025-01-18,420.68081092485625,478.72738575065415,-58.04657482579794,420.68081092485625,478.72738575065415,-58.04657482579794,0,477.1433973617744,335.1091700254579,142.03422733631646,0,35
2025-01-19,163.06148105816123,151.0295623646902,12.031918693471027,163.06148105816123,151.0295623646902,12.031918693471027,0,170.55471903133787,105.72069365528314,64.83402537605473,0,35
2025-01-20,105.235588090683,82.1114438657214,23.124144224961604,105.235588090683,82.1114438657214,23.124144224961604,0,113.42188509597808,57.478010706004966,55.94387438997313,0,30
2025-01-21,264.4463630307023,236.0281028313122,28.418260199390062,264.4463630307023,236.0281028313122,28.418260199390062,0,234.43109541024157,165.2196719819185,69.21142342832306,0,33
2025-01-22,132.76227782903135,126.39869941064511,6.363578418386221,132.76227782903135,126.39869941064511,6.363578418386221,0,115.07080640032193,88.47908958745157,26.59171681287036,0,34
2025-01-23,209.42106500445442,239.71914775786837,-30.298082753413937,488.6910075482044,239.71914775786837,248.97185979033605,34,359.7129461024931,167.80340343050784,191.90954267198524,29,35
2025-01-24,111.77585350475573,124.85103114118635,-13.075177636430649,89.77333925475573,124.85103114118635,-35.07769188643064,11,106.48591829770402,87.39572179883045,19.090196498873553,9,30
2025-01-25,32.04049899066593,30.590816901448825,1.449682089217105,5.55849252816593,30.590816901448825,-25.032324373282894,22,32.24733646534115,21.413571831014174,10.833764634326974,2,34
2025-01-26,23.76345266610985,30.312177040507436,-6.548724374397583,16.01516675360985,30.312177040507436,-14.297010286897583,15,28.252419236901897,21.218523928355204,7.033895308546693,0,31
2025-01-27,31.435591674558818,26.78705937831197,4.648532296246849,21.91214834955882,26.78705937831197,-4.874911028753149,22,34.76135673906617,18.750941564818376,16.010415174247797,23,37
2025-01-28,67.74965618789591,60.17315491449286,7.576501273403045,55.5617844378959,60.17315491449286,-4.611370476596954,30,49.75879406652713,42.121208440145,7.637585626382134,22,39
2025-01-29,89.71038695238316,77.43077901255128,12.27960793983187,59.54905987738316,77.43077901255128,-17.88171913516813,27,80.1044686810432,54.201545308785896,25.902923372257312,18,38
2025-01-30,247.22357659807503,224.11237354959258,23.11120304848243,470.90374457932506,224.11237354959258,246.79137102973246,7,155.4218984886525,156.87866148471483,-1.4567629960623059,0,37
2025-01-31,82.95305931120919,84.86293663819765,-1.9098773269884695,82.95305931120919,84.86293663819765,-1.9098773269884695,0,71.16718383534642,59.40405564673835,11.763128188608073,0,36
2025-02-01,89.9792666202627,79.25848788801873,10.720778732243959,88.5046823202627,79.25848788801873,9.24619443224396,2,86.14200127355889,55.48094152161311,30.66105975194577,0,39
2025-02-02,65.00181766583668,54.757960338041826,10.243857327794856,65.00181766583668,54.757960338041826,10.243857327794856,0,62.468389617960675,38.33057223662928,24.137817381331402,0,36
2025-02-03,378.07642571952647,263.2800230681013,114.79640265142518,378.07642571952647,263.2800230681013,114.79640265142518,0,402.69633778054356,184.29601614767088,218.40032163287265,0,38
2025-02-05,158.1326262965436,145.62865305585234,12.503973240691261,158.1326262965436,145.62865305585234,12.503973240691261,0,144.3618975150805,101.94005713909664,42.421840375983884,0,39
2025-02-06,186.18556552928314,174.77934038188704,11.406225147396071,186.18556552928314,174.77934038188704,11.406225147396071,0,189.46464780299823,122.34553826732093,67.11910953567727,0,39
2025-02-07,341.64560927375476,440.22903953222954,-98.58343025847475,177.27819535500475,440.22903953222954,-262.9508441772247,17,427.7578041897533,308.16032767256064,119.59747651719269,0,35
2025-02-08,228.8370197737368,222.11676105578118,6.720258717955635,213.6688105612368,222.11676105578118,-8.447950494544365,11,192.18048779036576,155.48173273904683,36.69875505131895,5,39
2025-02-09,352.1961283945489,316.84106284296905,35.35506555157985,181.7511566882989,316.84106284296905,-135.08990615467013,28,222.85062051243423,221.78874399007833,1.061876522355897,20,39
2025-02-10,161.72512984408107,148.27662198334,13.448507860741085,151.40174895658106,148.27662198334,3.1251269732410836,4,173.07075815148175,103.79363538833798,69.27712276314375,0,38
2025-02-11,269.0540570506421,215.93676149604437,53.11729555459776,269.0540570506421,215.93676149604437,53.11729555459776,0,258.95199944169946,151.15573304723102,107.79626639446843,0,39
2025-02-12,676.3764311973347,632.9886458568164,43.387785340518334,676.3764311973347,632.9886458568164,43.387785340518334,0,701.8500226368844,443.0920520997714,258.7579705371129,0,39
2025-02-13,789.5757632838755,693.802236198691,95.77352708518448,789.5757632838755,693.802236198691,95.77352708518448,0,821.3084775768378,485.66156533908367,335.6469122377541,0,39
2025-02-14,667.5554735487832,643.5521596619174,24.00331388686579,667.5554735487832,643.5521596619174,24.00331388686579,0,439.3402249085231,450.48651176334215,-11.14628685481895,0,39
2025-02-15,553.8883474225894,475.46659503179484,78.42175239079458,525.2746664913394,475.46659503179484,49.80807145954459,6,492.9867381576876,332.8266165222564,160.1601216354312,0,39
2025-02-16,536.141662039605,476.4748914602614,59.66677057934362,609.537670883355,476.4748914602614,133.06277942309362,14,362.8218726733485,333.5324240221829,29.28944865116553,11,39
2025-02-17,651.8171655264816,559.067180652401,92.74998487408062,651.8171655264816,559.067180652401,92.74998487408062,0,492.58509844478715,391.3470264566807,101.23807198810643,0,39
2025-02-18,504.2071036035869,474.84225515668913,29.364848446897806,472.2146723160869,474.84225515668913,-2.6275828406022015,7,360.6602093400108,332.3895786096823,28.270630730328463,1,39
2025-02-19,221.2455349375433,166.46609134874447,54.77944358879883,162.1910973625433,166.46609134874447,-4.274993986201177,7,174.5067198787803,116.52626394412113,57.98045593465919,6,39
2025-02-20,461.22810533606145,363.6703084009582,97.55779693510328,317.5563091048115,363.6703084009582,-46.11399929614673,19,399.21786758086796,254.56921588067075,144.64865170019732,10,39
2025-02-21,261.9290495168574,254.0618887944832,7.867160722374173,236.4294434731074,254.0618887944832,-17.632445321375826,14,213.1377866024252,177.84332215613824,35.29446444628693,11,39
2025-02-22,309.9304444250345,296.5516731693831,13.378771255651474,123.29945155003455,296.5516731693831,-173.25222161934852,29,178.6110728993992,207.58617121856813,-28.975098319168946,27,39
2025-02-23,269.4679909748426,223.8564028338884,45.61158814095424,414.97068090609264,223.8564028338884,191.11427807220426,19,409.77562294551484,156.69948198372185,253.076140961793,17,39
2025-02-24,457.7258584355842,456.82212172087736,0.9037367147068776,387.0937451168342,456.82212172087736,-69.72837660404313,33,296.739648225534,319.77548520461414,-23.035836979080184,18,40
2025-02-25,491.32316516723347,447.7979059558383,43.52525921139529,491.32316516723347,447.7979059558383,43.52525921139529,0,435.8563087833135,313.45853416908676,122.3977746142267,0,41
2025-02-26,469.84890350725,394.2036207873896,75.64528271986038,489.93659069474995,394.2036207873896,95.73296990736037,10,416.427380890075,275.9425345511727,140.48484633890226,0,41
2025-02-27,451.0894973035131,426.4770636774091,24.612433626103982,451.0894973035131,426.4770636774091,24.612433626103982,0,317.9958992662091,298.5339445741863,19.46195469202277,0,42
2025-02-28,84.48765747654369,77.57170098926821,6.915956487275491,84.48765747654369,77.57170098926821,6.915956487275491,0,89.37343682670559,54.300190692487746,35.07324613421785,0,40
2025-03-01,57.70958239005513,54.544554751008576,3.1650276390465577,66.19245372755513,54.544554751008576,11.647898976546557,3,46.1271316911636,38.181188325705996,7.945943365457593,0,39
2025-03-02,78.31535949489887,82.48524470389397,-4.169885208995094,178.19051230739888,82.48524470389397,95.7052676035049,27,141.7888123020542,57.739671292725774,84.04914100932844,26,42
2025-03-03,256.46226730143826,235.4754318962166,20.98683540522167,279.3466194639383,235.4754318962166,43.87118756772168,22,221.8808064441318,164.83280232735163,57.04800411678018,17,41
2025-03-04,250.34758981711494,238.3713161809722,11.976273636142718,498.48506076086494,238.3713161809722,260.11374457989274,16,366.5176822869804,166.85992132668054,199.65776096029987,12,41
2025-03-05,194.65915076544405,139.7497576857603,54.909393079683795,182.85429242794407,139.7497576857603,43.1045347421838,16,185.46551345331085,97.8248303800322,87.64068307327867,12,47
2025-03-06,22.379902266734938,17.52041989694851,4.85948236978643,40.10197675423494,17.52041989694851,22.58155685728643,25,34.80214829296446,12.264293927863955,22.5378543651005,20,41
2025-03-07,139.4333077247357,131.3537317208828,8.079576003852933,175.4996888434857,131.3537317208828,44.14595712260293,27,139.07065139044,91.94761220461794,47.12303918582205,13,46
2025-03-08,76.34480980899986,65.25093273372929,11.093877075270566,50.982090446499875,65.25093273372929,-14.26884228722944,12,95.02017806754989,45.675652913610506,49.3445251539394,3,46
2025-03-09,16.69464691929507,17.54706670651865,-0.8524197872235793,15.95624450054507,17.54706670651865,-1.5908222059735788,9,43.55369941413156,12.282946694563053,31.270752719568495,5,45
2025-03-10,210.31129975439433,186.14612191432053,24.165177840073817,191.61109414814433,186.14612191432053,5.464972233823817,4,203.99176360870104,130.30228534002435,73.68947826867668,0,45
2025-03-11,383.6878793443699,342.4447218146382,41.24315752973166,382.58372638186984,342.4447218146382,40.13900456723166,1,413.7952462898089,239.71130527024673,174.0839410195622,0,47
2025-03-12,428.91983283927146,416.2983753616744,12.621457477597025,428.91983283927146,416.2983753616744,12.621457477597025,0,468.61449489686504,291.40886275317206,177.20563214369295,0,45
2025-03-13,381.4883898283073,370.7229220627032,10.765467765603965,381.4883898283073,370.7229220627032,10.765467765603965,0,362.94576623919005,259.5060454438923,103.43972079529777,0,45
2025-03-14,107.12114662451806,94.93925238296448,12.181894241553588,107.12114662451806,94.93925238296448,12.181894241553588,0,94.93083768716264,66.45747666807513,28.47336101908752,0,41
2025-03-15,63.331257789491204,62.69748122021338,0.6337765692778106,50.3989068707412,62.69748122021338,-12.298574349472188,17,52.50618631139383,43.88823685414937,8.61794945724447,9,46
2025-03-16,116.09140269241013,104.61798966827982,11.473413024130307,96.54496009866013,104.61798966827982,-8.07302956961969,17,131.78912945843712,73.23259276779588,58.556536690641224,3,47
2025-03-17,248.84085546272888,226.6239368186466,22.21691864408226,300.15152068147887,226.6239368186466,73.52758386283227,9,268.3730886189103,158.63675577305264,109.73633284585759,4,43
2025-03-18,142.44954718587698,130.01929772637968,12.430249459497283,233.65796489837697,130.01929772637968,103.63866717199727,28,183.52960774198885,91.01350840846577,92.51609933352309,27,45
2025-03-19,97.75697487752369,114.40656743300931,-16.649592555485633,547.6416951150237,114.40656743300931,433.23512768201437,29,370.82151282051655,80.08459720310653,290.7369156174101,20,47
2025-03-20,110.7913102589634,108.4485360291028,2.3427742298606082,101.3300639839634,108.4485360291028,-7.1184720451393915,6,180.1913658018994,75.91397522037195,104.27739058152744,1,47
2025-03-21,103.86126909222025,105.58523246844024,-1.723963376219995,83.15548605472026,105.58523246844024,-22.429746413719986,16,170.85252406205416,73.90966272790816,96.94286133414602,8,47
2025-03-22,87.06111815483757,73.26876794666822,13.79235020816934,115.18267449233757,73.26876794666822,41.913906545669334,33,152.66247573713628,51.28813756266776,101.37433817446855,23,47
2025-03-23,89.76083510940313,83.38088882100267,6.379946288400462,65.37219302190313,83.38088882100267,-18.008695799099534,41,56.05937627220719,58.36662217470186,-2.307245902494673,36,47
2025-03-24,442.60909238111765,390.8335082267192,51.77558415439852,442.60909238111765,390.8335082267192,51.77558415439852,0,487.92933316178244,273.5834557587034,214.34587740307902,0,47
2025-03-25,372.0063058170782,341.98307125033887,30.023234566739337,320.97494491707823,341.98307125033887,-21.008126333260666,12,362.6569815169548,239.38814987523722,123.26883164171755,6,47
2025-03-26,608.8964138758644,557.3421212997969,51.55429257606752,608.8964138758644,557.3421212997969,51.55429257606752,0,646.8543108431052,390.13948490985774,256.7148259332473,0,47
2025-03-27,333.5853890662954,276.14831260601227,57.43707646028317,581.7551915537955,276.14831260601227,305.60687894778323,21,371.86914729828175,193.30381882420858,178.56532847407317,17,47
2025-03-28,251.46330419988385,207.0719260212742,44.39137817860968,210.13638028738387,207.0719260212742,3.0644542661096743,10,295.3308703599188,144.95034821489196,150.3805221450268,3,47
2025-03-29,152.0194384369677,149.4938732698931,2.5255651670746175,194.41261311196772,149.4938732698931,44.918739842074615,17,261.9002496758774,104.64571128892516,157.25453838695222,26,48
2025-03-30,136.41051842144336,-12.698638365556734,149.1091567870001,18.085823940096066,0.09254259955154501,17.99328134054452,39,3236.078734218135,-8.889046855889713,3244.9677810740245,37,48
2025-03-31,260.2350411212341,187.22647697509163,73.00856414614239,503.9867033738827,187.23996293704275,316.7467404368399,26,312.1391776573638,131.05853388256415,181.08064377479968,10,49
2025-04-01,212.98627177137246,124.23904499630783,88.74722677506462,818.2431218316874,124.30849254805032,693.9346292836372,8,599.3882241855857,86.96733149741547,512.4208926881702,7,48
2025-04-02,121.23724423738155,71.08871975069668,50.14852448668486,92.91932110631154,71.10484765675668,21.81447344955488,12,163.1000824961671,49.76210382548767,113.33797867067942,8,48
2025-04-03,9.82517785922288,39.528504971525535,-29.70332711230266,199.7944001162419,39.558304851152414,160.2360952650895,22,96.361741655206,27.669953480067875,68.69178817513813,17,48
2025-04-04,165.561179722097,89.02929928268999,76.53188043940705,269.4452294695096,89.05694607104185,180.3882833984678,23,283.4397990779679,62.32050949788298,221.1192895800849,20,50
2025-04-05,17.48358130531533,-42.006432927041,59.490014232356316,12.12036758934984,18.59119035001119,-6.470822760661352,32,154.33922149872075,-29.404503048928696,183.74372454764944,21,49
2025-04-06,-25.609544121044717,-55.996074794793145,30.38653067374843,26.097304185156737,2.716573267424543,23.380730917732194,31,88.38238116964368,-39.19725235635519,127.57963352599889,30,46
2025-04-07,142.44204955153754,129.75372348069345,12.688326070844102,126.95832667028756,129.75372348069345,-2.795396810405899,7,165.76280745545128,90.82760643648541,74.93520101896588,3,50
2025-04-08,278.7047679265322,151.33718024265323,127.36758768387892,575.1572752355308,151.34164013122148,423.8156351043094,17,476.6554848991975,105.93602616985727,370.71945872934026,11,50
2025-04-09,162.05732499683103,42.15717891491093,119.90014608192011,20.9713081851666,42.21887797878942,-21.24756979362282,24,316.0404135415317,29.51002524043765,286.53038830109404,19,50
2025-04-10,94.80823976467494,88.27106410819874,6.537175656476183,95.86519310325917,88.2822453461749,7.582947757084258,2,108.23654391339747,61.78974487573912,46.44679903765834,2,46
2025-04-11,140.5335456346234,103.8093082499017,36.724237384721704,191.8450982261053,105.44299080889778,86.40210741720752,10,165.9105785979864,72.66651577493118,93.24406282305517,10,47
2025-04-12,81.70440541587182,46.9435486777255,34.76085673814631,98.51331541557913,52.48175367357608,46.03156174200305,22,200.04457300111028,32.86048407440785,167.1840889267024,22,50
2025-04-13,-155.58721299819265,-29.108019732572846,-126.47919326561984,381.1600990714923,22.20634714547215,358.95375192602023,15,56.358126411890154,-20.37561381280099,76.73374022469116,15,51
2025-04-14,220.49434598243488,195.4485683027508,25.04577767968405,561.1457161761848,195.4485683027508,365.697147873434,18,414.0054532814544,136.81399781192556,277.1914554695288,18,51
2025-04-15,58.337719344353644,89.16599220367246,-30.828272859318812,277.6955347273679,89.17481434609836,188.52072038126957,15,529.4370903666727,62.416194542570715,467.0208958241019,15,51
2025-04-16,104.4752860956645,73.27845601332419,31.196830082340316,102.8780885581645,73.27845601332419,29.59963254484032,10,94.30612525196517,51.294919209326935,43.01120604263822,10,47
2025-04-17,273.50869363044507,284.2835724218877,-10.774878791442614,273.50869363044507,284.2835724218877,-10.774878791442614,0,438.53569346006157,198.99850069532135,239.5371927647402,0,51
2025-04-18,130.3631180936398,94.6974619076122,35.66565618602762,229.88455244245148,94.71119325085004,135.17335919160143,0,168.5254632630479,66.28822333532854,102.23723992771933,0,52
2025-04-19,48.51527599011399,64.48376124288825,-15.968485252774254,82.43391787937816,64.56310482287316,17.870813056505,23,38.3606912362048,45.13863287002177,-6.777941633816974,23,51
2025-04-20,7.390193700788125,11.200019060865833,-3.8098253600777063,131.51373412639091,22.118732018069885,109.39500210832102,4,51.792031861176696,7.840013342606083,43.95201851857061,4,52
2025-04-21,85.1557960457182,72.19191742800547,12.963878617712716,156.32950838321818,72.19191742800547,84.13759095521272,12,128.41956734075274,50.53434219960383,77.8852251411489,12,51
2025-04-22,183.3360880550659,166.51269391713743,16.823394137928453,168.35190953006588,166.51269391713743,1.8392156129284487,4,132.11530568979612,116.55888574199619,15.556419947799915,4,52
2025-04-23,77.611310478907,85.8305603132793,-8.219249834372302,77.611310478907,85.8305603132793,-8.219249834372302,0,85.73193638523492,60.08139221929552,25.650544165939394,0,47
2025-04-24,292.7008273695094,313.92879780306646,-21.227970433557076,292.7008273695094,313.92879780306646,-21.227970433557076,0,306.2538400036566,219.75015846214654,86.50368154151008,0,51
2025-04-25,135.6013092180819,106.57888401762226,29.02242520045961,135.6013092180819,106.57888401762226,29.02242520045961,0,198.27181739390733,74.60521881233558,123.66659858157173,0,47
2025-04-26,65.81964991880929,27.659203322317538,38.16044659649175,27.33573762613118,29.42712017738574,-2.091382551254557,25,49.1928615212915,19.361442325622278,29.831419195669223,25,51
2025-04-27,-20.862067542485757,-70.34903614248118,49.486968599995436,-35.41469849937654,16.590663525824286,-52.005362025200824,13,19.466412734634968,-49.24432529973683,68.71073803437179,13,49
2025-04-28,66.62744151789732,56.47366541216063,10.153776105736705,207.8325651423037,60.212362885354466,147.62020225694923,9,124.40805796190313,39.53156578851243,84.87649217339069,9,53
2025-04-29,627.7196172011925,38.55086176336741,589.1687554378251,222.51570796968366,41.13697041680733,181.37873755287632,31,1428.5894907614595,26.985603234357185,1401.6038875271024,31,53
2025-04-30,142.376516194913,99.8133964665659,42.56311972834708,202.00430420599815,109.02220262210064,92.9821015838975,13,192.75372939768909,69.86937752659612,122.88435187109297,13,54
2025-05-01,-238.99779409409055,-276.78810537210927,37.7903112780187,2.9283833043591354,11.548794029523172,-8.620410725164037,27,-102.49945945148836,-193.75167376047645,91.25221430898807,27,53
2025-05-02,-6.843413499927298,3.0422482259817656,-9.885661725909065,-14.106462892566693,4.465822799903597,-18.572285692470295,24,-17.352210716199103,2.129573758187235,-19.481784474386345,24,47
2025-05-03,5.331306905037851,9.91198174032253,-4.580674835284677,36.27241124865108,12.891841444126676,23.380569804524406,40,33.692283663526496,6.9383872182257695,26.753896445300725,40,54
2025-05-04,2.3767869140973756,2.285565853928838,0.09122106016853893,26.868289802005222,3.243117084451377,23.625172717553845,11,16.548478277993166,1.5998960977501862,14.94858218024298,11,55
2025-05-05,92.03838510798703,51.34706241207527,40.691322695911765,115.93600059312203,51.347121446525264,64.58887914659675,19,116.22513822059092,35.94294368845269,80.28219453213823,19,52
2025-05-06,-111.85288342076231,23.435231219091058,-135.28811463985335,175.2343383017427,23.45617715778606,151.77816114395662,10,43.84823070671639,16.40466185336374,27.44356885335266,10,56
2025-05-07,62.29965374384069,46.18223972302381,16.11741402081688,76.63802662509069,46.18223972302381,30.455786902066876,13,105.6117903506885,32.32756780611667,73.28422254457182,13,55
2025-05-08,-34.148416698529566,1.2029089341034727,-35.351325632633035,86.37450425749361,1.2260694162035213,85.14843484129008,7,13.738800631029314,0.8420362538724315,12.896764377156881,7,52
2025-05-09,15.764085810071219,10.193380942301696,5.570704867769525,278.2319467169109,10.20079042134984,268.03115629556106,10,194.16206527892484,7.135366659611185,187.02669861931366,10,53
2025-05-10,-74.39907975003713,-87.45600265632712,13.056922906289966,9.185584095908556,6.344819290253475,2.8407648056550805,29,-28.521101995650994,-61.21920185942896,32.698099863777976,29,56
2025-05-11,-110.00979385844919,-150.77491760152117,40.76512374307198,-52.49694843559653,2.509012697739784,-55.005961133336314,13,-61.05211022403944,-105.54244232106481,44.49033209702539,13,55
2025-05-12,96.99995454665549,26.95493754188114,70.04501700477434,203.17528937723307,33.02835877613846,170.1469306010946,16,333.5053113389088,18.868456279316796,314.636855059592,16,56
2025-05-13,113.57458126956963,81.72105964044817,31.85352162912145,488.8190636911413,86.47449486142514,402.34456882971614,28,344.5528051224487,57.204741748313715,287.348063374135,28,56
2025-05-14,91.60925025979137,65.03235405895934,26.576896200832024,135.1399320256126,73.80875997644867,61.33117204916392,29,153.06287857435393,45.522647841271535,107.54023073308241,29,56
2025-05-15,61.86228781392289,38.033479690048964,23.82880812387392,146.86190718654714,38.121417197822126,108.74048998872502,21,106.93594087974603,26.62343578303428,80.31250509671176,21,56
2025-05-16,67.16244472833301,19.00293371834236,48.159511009990666,70.21481543439124,21.220697019501493,48.994118414889755,15,129.2462648685831,13.30205360283965,115.94421126574346,15,56
2025-05-17,4.5839887472553364,4.0761087812509125,0.507879966004422,30.578761184923756,7.976178188398018,22.602582996525733,6,15.824253056828738,2.85327614687564,12.970976909953098,6,51
2025-05-18,-2.7501506597359078,-2.7429866695604264,-0.007163990175480417,12.605054686363284,2.841554162053083,9.763500524310201,21,2.2232552838098645,-1.9200906686922983,4.1433459525021625,21,54
2025-05-19,22.497023388486213,32.47212793711081,-9.975104548624598,101.9822834197362,32.47212793711081,69.51015548262541,24,78.35596896194035,22.730489555977567,55.62547940596278,24,55
2025-05-20,38.78766489482918,35.86005582322764,2.9276090716015375,156.5598635323292,35.86005582322764,120.69980770910155,30,117.94891742388043,25.10203907625935,92.84687834762107,30,55
2025-05-21,75.54344924410202,75.32001704438409,0.22343219971793077,105.60163147535201,75.32001704438409,30.281614430967927,35,75.66686031024642,52.724011931068866,22.94284837917755,35,58
2025-05-22,52.15544996322562,79.35082731755571,-27.195377354330084,153.2390482669121,79.37610819219431,73.86294007471781,1,84.95318710363293,55.545579122289,29.407607981343943,1,57
2025-05-23,67.58933185606998,50.22329173981578,17.366040116254197,112.56273971856997,50.22329173981578,62.33944797875421,20,94.52986528549899,35.15630421787104,59.37356106762793,20,58
2025-05-24,18.589370946618438,13.478337109975863,5.111033836642575,60.55796767068149,13.497693366563414,47.060274304118074,50,64.0279481638829,9.434835976983104,54.593112186899795,50,56
2025-05-25,-12.945973760887984,-20.37648508384313,7.430511322955145,19.951817003787834,0.07427134094352231,19.877545662844312,23,5.105226259878409,-14.26353955869019,19.3687658185686,23,57
2025-05-26,33.06043094411559,30.958970480051804,2.1014604640637886,62.670014159241596,30.98037157763762,31.68964258160398,16,73.26568454213091,21.67127933603626,51.594405206094656,16,57
2025-05-27,-4.140891232770555,10.448505556325703,-14.58939678909626,152.16754619847944,10.448505556325703,141.71904064215374,26,108.9175891920606,7.313953889427992,101.60363530263261,26,54
2025-05-28,38.936954607589556,25.154238680386698,13.782715927202862,38.63837567008956,25.154238680386698,13.484136989702858,21,47.90801899406269,17.607967076270683,30.300051917792004,21,54
2025-05-29,30.818458411533857,37.18460875755347,-6.366150346019616,64.98336062327654,38.277685043640865,26.70567557963568,0,46.602219382448695,26.029226130287427,20.572993252161268,0,58
2025-05-30,22.344881417929074,10.855247903225365,11.489633514703705,20.009527397767307,13.439396849271535,6.57013054849577,23,53.176924603800344,7.598673532257755,45.578251071542596,23,57
2025-05-31,-89.06894993903583,0.7692818013618474,-89.83823174039769,53.01151629569865,26.35868661642844,26.65282967927022,18,-21.822203269200084,0.5384972609532941,-22.360700530153373,18,57
2025-06-01,-79.82128454156808,-40.60429224934505,-39.21699229222303,136.32265282050054,6.919086690293554,129.403566130207,11,-18.016083132222644,-28.42300457454153,10.406921442318886,11,57
2025-06-02,134.3359157910229,136.2084989740713,-1.8725831830483903,118.1068460910229,136.2084989740713,-18.101652883048388,9,197.91201968559105,95.3459492818499,102.56607040374115,9,58
2025-06-03,140.0650867514213,7.697448334923552,132.36763841649775,-58.80097759798235,13.482543424605522,-72.28352102258789,27,301.34635800786987,5.388213834446486,295.9581441734234,27,54
2025-06-04,111.96987185882648,83.41609772215426,28.553774136672217,113.57486402757648,83.41609772215426,30.158766305422212,18,130.74194166242853,58.39126840550797,72.35067325692054,18,57
2025-06-05,0.42518386790664797,0.10864908960777575,0.3165347782988739,14.056117295216595,0.1162306882737542,13.939886606942839,23,8.568500875659653,0.07605436272544322,8.492446512934212,23,53
2025-06-06,-0.03452361681046767,5.999794847214142,-6.034318464024611,80.51678812729655,7.660969482996455,72.8558186443001,13,30.395915293232676,4.199856393049901,26.196058900182777,13,54
2025-06-07,3.52721017311511,9.902049994365864,-6.374839821250753,52.62995381181756,9.919883276637066,42.71007053518049,23,25.291610882430582,6.931434996056103,18.360175886374478,23,58
2025-06-08,-95.01102206112706,-120.16376547637591,25.152743415248857,19.548225778310304,0.25552122862569737,19.292704549684608,33,-34.54888572716394,-84.11463583346314,49.5657501062992,33,58
2025-06-09,-9.425276324812575,-29.325532340813417,19.90025601600085,-15.673206339530136,6.568783952534765,-22.241990292064898,16,11.315438043256197,-20.52787263856939,31.843310681825592,16,58
2025-06-10,-1.1325833073011795,26.8738974320962,-28.006480739397382,94.33605590955621,26.894305956932243,67.44174995262397,1,36.71705657551418,18.81172820246734,17.905328373046842,1,53
2025-06-11,38.51931620697642,26.243661996038895,12.275654210937525,81.11226166578142,27.002866977849642,54.109394687931776,13,69.7104861480085,18.37056339722723,51.33992275078127,13,58
2025-06-12,18.785091666115616,-6.736425519582713,25.52151718569833,31.25144995076597,13.989323596218542,17.262126354547426,29,54.034657476905934,-4.715497863707899,58.75015534061383,29,54
2025-06-13,51.59970534214868,38.2941858288853,13.305519513263377,59.851059533932144,39.19188745713329,20.65917207679886,27,64.75103204387906,26.805930080219706,37.94510196365937,27,58
2025-06-14,68.53373776909947,-7.553889143793339,76.0876269128928,142.67598315396828,12.850511122138608,129.8254720318297,28,233.7693263464946,-5.287722400655335,239.05704874714993,28,53
2025-06-15,-0.009802627579480028,-3.8108096279126507,3.80100700033317,4.135772664911566,6.5100134632500835,-2.3742407983385196,19,3.8876502838193634,-2.6675667395388563,6.555217023358221,19,58
2025-06-16,77.15299132661266,49.662539986087324,27.490451340525347,115.93489847661269,49.662539986087324,66.27235849052533,9,153.08297102800387,34.76377799026113,118.31919303774276,9,58
2025-06-17,124.56400517218788,79.58026515925908,44.98374001292878,219.91259641322728,79.60728748124654,140.3053089319807,16,180.38464028553153,55.70618561148136,124.67845467405016,16,58
2025-06-18,111.86140000894451,81.97858517175837,29.882814837186146,163.27426706217653,81.9863282713896,81.28793879078695,7,189.5382033781362,57.38500962023086,132.1531937579053,4,55
2025-06-19,52.00856372504409,52.18319689289841,-0.17463316785431182,170.00635310077743,52.2860091203044,117.72034398047303,24,152.5726029931559,36.52823782502888,116.04436516812702,20,58
2025-06-20,105.65767986500775,89.77726719711148,15.880412667896252,93.45079362750775,89.77726719711148,3.6735264303962545,32,109.52186983550541,62.84408703797804,46.67778279752738,22,58
2025-06-21,78.91848268295904,67.70819740900134,11.210285273957712,286.94025479545905,67.70819740900134,219.2320573864577,42,210.92112425057132,47.39573818630093,163.52538606427038,38,58
2025-06-22,-168.30047430262732,-211.27428001285108,42.973805710223765,54.269754307054754,11.259714374740064,43.0100399323147,43,-24.42314435871412,-147.89199600899576,123.46885165028164,28,59
2025-06-23,-19.710452418359466,0.14403803835860995,-19.854490456718075,29.27124498437316,28.194940635661215,1.076304348711929,23,-7.123147943476612,0.10082662685102572,-7.223974570327641,17,59
2025-06-24,84.09595982865606,79.07854200947722,5.01741781917883,122.13143872557933,79.11603937919242,43.01539934638691,36,90.54674240380925,55.35497940663405,35.19176299717518,28,58
2025-06-25,260.2662030287105,223.67621303621465,36.58998999249584,126.6313006224605,223.67621303621465,-97.04491241375416,11,269.6859676557224,156.57334912535026,113.11261853037212,7,59
2025-06-26,395.8652933963469,378.3244082438253,17.540885152521632,339.8206582088469,378.3244082438253,-38.50375003497835,26,329.52459458119284,264.8270857706777,64.69750881051516,19,58
2025-06-27,341.2315474874905,330.1755493940516,11.055998093438895,145.45684397499048,330.1755493940516,-184.7187054190611,30,289.68624493811836,231.12288457583605,58.56336036228224,12,58
2025-06-28,21.11403924018409,30.782163518338734,-9.668124278154647,66.90333735711843,30.83660706439027,36.06673029272818,21,71.72819380125388,21.547514462837114,50.180679338416766,13,58
2025-06-29,1.9484912167231396,50.45998775839141,-48.51149654166828,190.05396630240318,50.65913160071857,139.39483470168463,10,59.16760680858121,35.32199143087398,23.845615377707226,7,58
2025-06-30,336.6867281133043,322.2595548015293,14.427173311774899,206.2677349070542,322.2595548015293,-115.99181989447509,16,284.95897952368796,225.58168836107052,59.377291162617446,10,55
2025-07-01,328.07616374631516,312.64532422714547,15.430839519169737,313.84159645881516,312.64532422714547,1.1962722316697354,3,286.9113262342957,218.85172695900184,68.05959927529383,3,58
2025-07-02,437.23925674431683,442.90581913382374,-5.666562389506897,393.4849873568168,442.90581913382374,-49.420831777006896,7,462.1393419441468,310.0340733936766,152.1052685504702,5,58
2025-07-03,266.47444568120557,255.5093610073228,10.965084673882735,140.54805497495556,255.5093610073228,-114.96130603236726,32,137.78599842246888,178.85655270512598,-41.07055428265708,26,59
2025-07-04,338.0372706954025,215.76372040825913,122.2735502871434,325.48896408915255,215.76372040825913,109.72524368089339,27,331.9232216874068,151.03460428578137,180.88861740162537,25,59
2025-07-05,43.51847957270124,18.383620511954838,25.134859060746397,68.2847665896555,18.55656030130578,49.72820628834974,56,92.29069089589085,12.868534358368388,79.42215653752248,46,58
2025-07-06,72.60215966660806,60.172011221619044,12.430148444989012,96.60312223535806,60.172011221619044,36.43111101373901,22,60.19129086037563,42.12040785513333,18.070883005242308,9,52
2025-07-07,124.898495313349,128.73657536044917,-3.8380800471001604,174.613841513349,128.73657536044917,45.87726615289984,43,122.49812972746929,90.11560275231442,32.38252697515489,34,58
2025-07-08,85.01655458687497,44.18817446624854,40.82838012062643,140.57838939312495,44.18817446624854,96.39021492687644,29,148.47002481643747,30.931722126373977,117.53830269006349,26,58
2025-07-09,143.34626931855303,99.31119080774535,44.035078510807665,182.33597823730304,99.31119080774535,83.02478742955766,17,173.64992514611214,69.51783356542174,104.13209158069036,15,58
2025-07-10,259.90517280972483,200.70935692671347,59.19581588301138,184.97448872847485,200.70935692671347,-15.734868198238624,32,205.6643423055574,140.49654984869943,65.16779245685797,27,58
2025-07-11,131.4206330258902,118.87225986227782,12.548373163612393,108.0100416696402,118.87225986227782,-10.86221819263761,26,90.00703967999814,83.21058190359446,6.796457776403676,25,57
2025-07-12,89.17347296826233,78.45773725527607,10.715735712986273,137.46939250576236,78.45773725527607,59.01165525048627,28,126.15227947153363,54.92041607869325,71.23186339284038,25,58
2025-07-13,79.51731672386737,44.76282134755404,34.75449537631333,86.01435946136738,44.76282134755404,41.251538113813325,39,114.52461097045716,31.333974943287828,83.19063602716933,33,58
2025-07-14,222.75622942587069,177.60585558499815,45.15037384087252,240.47192535712068,177.60585558499815,62.866069772122515,13,243.62042368560947,124.3240989094987,119.2963247761108,4,58
2025-07-15,292.1844547564154,244.91592478063865,47.26852997577676,309.41728472516536,244.91592478063865,64.50135994452677,19,296.76793390449075,171.44114734644705,125.32678655804375,16,58
2025-07-16,264.9807061846742,220.94909853949048,44.03160764518368,305.0672027034242,220.94909853949048,84.11810416393371,37,287.2233239780219,154.6643689776433,132.55895500037857,26,58
2025-07-17,405.1496175907114,358.8126616094867,46.33695598122464,283.8618617657114,358.8126616094867,-74.95079984377536,17,365.52186662162296,251.1688631266407,114.35300349498226,7,58
2025-07-18,387.75315700335335,381.02371701377933,6.7294399895740495,387.75315700335335,381.02371701377933,6.7294399895740495,0,359.8668884035974,266.71660190964553,93.15028649395185,0,58
2025-07-19,65.57650240667897,47.92648508922639,17.65001731745259,493.1490130379291,47.92648508922639,445.2225279487026,36,354.79653510655027,33.548539562458465,321.24799554409174,28,58
2025-07-20,20.39649788182414,5.927839845121921,14.468658036702218,35.88416605709239,5.938355001130821,29.945811055961578,25,42.80176388977691,4.149487891585345,38.652275998191556,18,57
2025-07-21,75.90512105018627,65.82980707933356,10.075313970852688,-5.2103770685637265,65.82980707933356,-71.0401841478973,19,83.00244427638039,46.0808649555335,36.92157932084689,11,57
2025-07-22,207.30946180195002,151.7261399848891,55.58332181706092,153.28334905820003,151.7261399848891,1.5572090733109256,28,233.55887034574,106.20829798942235,127.35057235631766,17,57
2025-07-23,353.7240544573581,315.7734055360405,37.95064892131753,278.0008224198581,315.7734055360405,-37.772583116182474,23,246.13502151390063,221.04138387522838,25.093637638672277,15,57
2025-07-24,337.9702797556091,261.68854128720585,76.28173846840332,212.12706387435915,261.68854128720585,-49.5614774128467,25,343.6931349826764,183.18197890104406,160.51115608163235,3,56
2025-07-25,368.4974854834596,256.54700147562033,111.95048400783938,321.12428281470966,256.54700147562033,64.57728133908938,13,390.2295077146718,179.58290103293422,210.64660668173758,0,56
2025-07-26,59.087633786436626,51.19320953151917,7.894424254917449,39.071887148936625,51.19320953151917,-12.121322382582552,38,43.887095873005634,35.83524667206342,8.051849200942216,23,54
2025-07-27,36.22304511052309,30.56944115548722,5.653603955035869,29.53497677927309,30.56944115548722,-1.0344643762141303,31,26.203108935491162,21.39860880884105,4.804500126650108,29,55
2025-07-28,70.26486427797386,105.66228497120711,-35.397420693233265,182.58762687797386,105.66228497120711,76.92534190676673,26,137.0429650677067,73.96359947984499,63.079365587861716,23,56
2025-07-29,144.72372071138892,116.21476065745065,28.50896005393827,120.23809396763893,116.21476065745065,4.0233333101882724,40,102.78500839297226,81.35033246021545,21.434675932756797,38,55
2025-07-30,171.8428842844955,112.81222865936016,59.03065562513537,137.35699772824552,112.81222865936016,24.544769068885376,19,187.69875595102187,78.9685600615521,108.73019588946977,11,57
2025-07-31,187.37479523346934,150.1067341417855,37.268061091683855,104.92465224596934,150.1067341417855,-45.182081895816154,25,156.00626144905354,105.07471389924983,50.9315475498037,17,55
2025-08-01,180.87604819108907,139.23005977436736,41.645988416721714,247.98790795983905,139.23005977436736,108.75784818547172,23,216.0961417650123,97.46104184205714,118.63509992295522,19,55
2025-08-02,48.13506762079983,49.01745302621592,-0.8823854054160805,53.28375157079983,49.01745302621592,4.266298544583925,52,56.825465149559875,34.312217118351136,22.51324803120874,42,55
2025-08-03,-3.599671400658107,-10.949551060213318,7.349879659555212,-9.640695602618084,8.215203931552768,-17.855899534170852,52,16.608808307664326,-7.664685742149322,24.27349404981365,47,55
2025-08-04,94.54685147692526,78.66458298483218,15.882268492093068,95.22435019567524,78.66458298483218,16.559767210843074,35,90.73319622322268,55.06520808938252,35.66798813384015,28,53
2025-08-05,-36.19264888878432,-50.61153399255605,14.418885103771725,50.07765435409662,0.4446754598078502,49.63297889428877,39,-17.94913559964902,-35.42807379478923,17.478938195140213,36,54
2025-08-06,50.925898114978516,47.76729684414331,3.1586012708352036,75.56205169170005,48.661396648835414,26.900655042864635,26,51.396489711109965,33.43710779090032,17.959381920209644,21,54
2025-08-07,67.40575548312235,44.17274969337528,23.233005789747065,86.34894744761942,44.2415200234997,42.10742742411973,27,165.8623734950606,30.9209247853627,134.94144870969794,24,54
2025-08-08,151.99076251227729,100.6581210879144,51.3326414243629,165.1100014377437,100.67145425514597,64.43854718259773,7,163.0452403717191,70.46068476154008,92.58455561017902,4,54
2025-08-09,48.112251191629184,23.963303997573753,24.148947194055427,28.622189963338606,29.051038014172327,-0.4288480508337178,32,71.57378139976544,16.77431279830163,54.7994686014638,20,54
2025-08-10,-54.277312495827566,-61.84896529392476,7.571652798097189,13.842049073266482,10.444309649801113,3.3977394234653673,36,7.401096126045703,-43.294275705747324,50.695371831793025,29,54
2025-08-11,46.02998268307452,36.13454926718584,9.895433415888684,15.878768445574524,36.13454926718584,-20.25578082161131,34,26.453175623152166,25.294184487030087,1.1589911361220793,20,50
2025-08-12,223.24438608143504,189.22426996081083,34.020116120624195,177.88935603143503,189.22426996081083,-11.334913929375805,20,189.9905761576295,132.4569889725676,57.53358718506195,14,54
2025-08-13,378.23219682899696,358.74074601191296,19.491450817084033,278.41625225399696,358.74074601191296,-80.32449375791597,16,296.7938761396729,251.11852220833907,45.67535393133383,12,54
2025-08-14,384.34289542151566,315.80554397065475,68.53735145086091,385.61661561526563,315.80554397065475,69.81107164461092,6,371.121134954436,221.06388077945826,150.05725417497766,0,54
2025-08-15,47.23849844190031,35.12094406120862,12.117554380691693,24.51026972315031,35.12094406120862,-10.610674338058308,13,68.38223468933023,24.584660842846034,43.7975738464842,8,53
2025-08-16,63.17643730634373,64.15421089872545,-0.9777735923817161,113.32151172114783,64.171922546274,49.14958917487381,14,113.80370893631562,44.90794762910781,68.8957613072078,1,51
2025-08-17,26.821437156510797,18.2031931389939,8.618244017516897,26.735613931510798,18.2031931389939,8.532420792516898,17,33.20974981018256,12.742235197295727,20.46751461288683,7,50
2025-08-18,98.08378529092434,88.83801471162212,9.245770579302203,95.18715444092433,88.83801471162212,6.349139729302204,3,110.49206840552203,62.18661029813549,48.30545810738654,1,51
2025-08-19,205.3573934607666,186.77060121705543,18.586792243711145,163.8356583420166,186.77060121705543,-22.934942875038857,8,216.43202695191158,130.7394208519388,85.69260609997282,2,53
2025-08-20,213.05219592054124,196.5864947572596,16.465701163281622,242.20016522054124,196.5864947572596,45.61367046328162,34,184.87437811625387,137.61054633008172,47.26383178617214,33,50
2025-08-21,113.86631224713938,80.39781781117205,33.46849443596734,35.06657958463939,80.39781781117205,-45.33123822653265,35,69.24245761674757,56.27847246782042,12.963985148927138,26,53
2025-08-22,125.8148952284317,107.73821102311081,18.076684205320873,136.21256412218167,107.73821102311081,28.474353099070875,29,127.12493678177717,75.41674771617757,51.70818906559961,18,53
2025-08-23,136.37503567304844,81.52170606995512,54.853329603093314,150.60459449179845,81.52170606995512,69.08288842184332,34,152.4751555161339,57.06519424896859,95.40996126716533,31,53
2025-08-24,47.93088545104171,27.10393325280038,20.82695219824133,44.99963213517195,37.498821495543275,7.500810639628673,33,68.1116789082292,18.972753276960265,49.13892563126893,27,53
2025-08-25,252.1084717462315,193.20453439399608,58.90393735223539,229.59265137748147,193.20453439399608,36.38811698348539,9,254.91391991673706,135.24317407579727,119.67074584093979,9,52
2025-08-26,283.1575517276509,269.8512866283668,13.306265099284069,239.8636239651509,269.8512866283668,-29.987662663215936,12,281.66829045435566,188.89590063985673,92.77238981449887,6,52
2025-08-27,166.02450105163507,148.30881552263213,17.715685529002982,166.02450105163507,148.30881552263213,17.715685529002982,0,181.70679377926956,103.81617086584247,77.8906229134271,0,48
2025-08-28,190.31858001524418,103.48177004169854,86.83680997354563,213.37960743399418,103.48177004169854,109.89783739229563,14,146.64005836379593,72.43723902918899,74.20281933460694,0,51
2025-08-29,42.47092494874012,37.6346623701099,4.836262578630224,223.82160869249014,37.6346623701099,186.1869463223802,25,227.70271850474307,26.344263659076926,201.35845484566616,17,50
2025-08-30,70.63732324748014,53.665876353671834,16.971446893808302,58.99172532405849,53.68022866941621,5.3114966546422835,40,67.2178717501111,37.56611344757028,29.651758302540813,30,51
2025-08-31,25.920734029790125,8.234735096559932,17.685998933230195,39.24901807061009,9.366965903403974,29.882052167206112,37,64.65550620022809,5.764314567591953,58.891191632636136,28,51
2025-09-01,16.266143785841788,16.713180635393122,-0.4470368495513335,4.7513254420917885,16.713180635393122,-11.961855193301336,12,31.245470038214254,11.699226444775185,19.54624359343907,0,47
2025-09-02,105.54620251654308,42.48986670511562,63.056335811427466,538.6777843040431,42.48986670511562,496.18791759892747,34,338.03403944033016,29.742906693580927,308.2911327467492,22,51
2025-09-03,0.39639731068959216,15.452530151189078,-15.056132840499487,114.78902329653991,15.500291016344907,99.288732280195,35,50.07199669060772,10.816771105832354,39.25522558477537,32,51
2025-09-04,151.83758707350052,65.82150610961321,86.01608096388729,227.22238890475052,65.82150610961321,161.4008827951373,26,230.24327264770034,46.07505427672924,184.16821837097112,17,51
2025-09-05,98.71056191382212,57.78140962204291,40.92915229177921,86.27947180132213,57.78140962204291,28.498062179279213,21,99.69049969217548,40.44698673543004,59.24351295674545,0,50
2025-09-06,145.67521862770616,17.627493551199464,128.04772507650668,134.77632102054866,18.86619561620507,115.9101254043436,41,2755.758909523769,12.339245485839623,2743.4196640379296,35,51
2025-09-07,-54.27694915176704,-75.46835076196459,21.191401610197545,21.566469994472,0.5744030604585464,20.99206693401345,35,49.18402744063807,-52.8278455333752,102.01187297401327,32,50
2025-09-08,355.22915667807933,207.7555603838992,147.4735962941802,260.3856577843294,207.7555603838992,52.630097400430195,25,319.72216168278055,145.4288922687294,174.29326941405114,15,50
2025-09-09,98.32953721183225,82.26631121347194,16.063225998360306,98.32953721183225,82.26631121347194,16.063225998360306,0,75.64750999953256,57.58641784943035,18.061092150102212,0,48
2025-09-10,87.23276629844946,27.416587463101585,59.816178835347884,167.27752413129147,27.43780096834857,139.8397231629429,11,121.32468628516466,19.191611224171112,102.13307506099352,2,50
2025-09-11,7.7451161315405646,16.34973795869925,-8.604621827158686,161.73421760736815,16.383555810661658,145.3506617967065,36,175.4569059077034,11.444816571089476,164.01208933661388,23,50
2025-09-12,118.16760389319899,25.83409519543726,92.33350869776174,157.15251668069902,25.83409519543726,131.31842148526175,21,145.3266675908643,18.08386663680608,127.24280095405823,19,50
2025-09-13,21.42057218000774,17.16639448374961,4.254177696258129,13.133350277614944,17.18098221064034,-4.047631933025394,25,23.955164614755418,12.016476138624725,11.938688476130695,17,50
2025-09-14,51.606763541449965,38.34030236823776,13.266461173212203,21.22538453329784,38.34519125218121,-17.11980671888336,37,41.69803986088997,26.83821165776643,14.859828203123545,29,50
2025-09-15,31.098249114760513,4.550888959943454,26.547360154817056,55.618741333080344,4.632254144885501,50.98648718819485,17,63.761674182832365,3.185622271960418,60.57605191087194,16,50
2025-09-16,36.15332531945616,11.234489604051673,24.918835715404484,71.77588083606734,11.245827048863426,60.53005378720392,13,59.98347358111932,7.864142722836171,52.11933085828315,7,50
2025-09-17,142.06146451832996,146.03927975360213,-3.977815235272214,607.66085554958,146.03927975360213,461.62157579597783,28,248.12914567845596,102.2274958275215,145.90164985093443,19,50
2025-09-18,173.67084585925852,105.56228888145094,68.10855697780758,69.03300834675855,105.56228888145094,-36.52928053469243,17,209.83600606460595,73.89360221701567,135.94240384759033,12,50
2025-09-19,117.868745084617,93.91292442504704,23.955820659569962,109.60804237211701,93.91292442504704,15.695117947069964,23,95.1105643817319,65.73904709753292,29.37151728419898,21,50
2025-09-20,-31.34176123990332,22.561825789024056,-53.903587028927376,101.33069655384668,22.561825789024056,78.76887076482262,15,118.38199492456768,15.793278052316838,102.58871687225084,9,50
2025-09-21,23.388710513538683,24.780016177823157,-1.3913056642844717,-25.225081136461313,24.780016177823157,-50.005097314284484,36,26.848908986977083,17.34601132447621,9.502897662500876,28,49
2025-09-22,8.515004894328069,3.7903023799819913,4.72470251434608,15.570825602128783,3.7935769338334406,11.777248668295343,5,12.14694282477965,2.653211665987393,9.493731158792256,0,44
2025-09-23,-29.736195015351825,19.78441013874255,-49.52060515409437,109.51946658891066,19.78443824020755,89.73502834870314,10,-84.42850772387129,13.849087097119785,-98.27759482099107,0,44
2025-09-24,7.444741839700573,14.761877422629992,-7.317135582929416,-7.559357954049425,14.761877422629992,-22.321235376679418,18,22.022472556540404,10.333314195840991,11.689158360699409,5,45
2025-09-25,86.34592099218756,51.54440050582029,34.80152048636728,85.38037677968757,51.54440050582029,33.83597627386728,2,92.2803152639063,36.081080354074196,56.1992349098321,0,44
2025-09-26,205.33846736158605,157.7941159364268,47.54435142515926,205.33846736158605,157.7941159364268,47.54435142515926,0,209.07286062873527,110.45588115549873,98.61697947323648,0,45
2025-09-27,47.0618009300664,28.21902131428056,18.842779615785833,47.091038130066394,28.21902131428056,18.872016815785834,1,44.786550838546475,19.75331491999639,25.033235918550083,2,43
2025-09-28,56.30040797691078,43.39568261605975,12.904725360851033,50.11619455191079,43.39568261605975,6.720511935851034,10,56.73132479258755,30.376977831241824,26.354346961345726,4,45
2025-09-29,150.57829710148064,71.92631349537399,78.65198360610667,150.57829710148064,71.92631349537399,78.65198360610667,0,156.94710426853646,50.34841944676179,106.59868482177468,0,43
2025-09-30,173.92448567868848,91.45168820374467,82.47279747494382,173.92448567868848,91.45168820374467,82.47279747494382,0,197.55473171383193,64.01618174262126,133.5385499712107,0,43
2025-10-01,66.12105907531208,43.88565613039947,22.235402944912593,64.95082833781207,43.88565613039947,21.065172207412594,1,63.28108044959344,30.71995929127963,32.56112115831382,0,43
2025-10-02,64.67552651118885,42.57367567958528,22.101850831603574,98.90667879243885,42.57367567958528,56.333003112853575,22,79.6240926259572,29.801572975709696,49.82251965024751,20,43
2025-10-03,203.8267955399914,140.4189854540924,63.40781008589897,153.38922740249137,140.4189854540924,12.970241948398973,21,161.66940396611898,98.29328981786466,63.37611414825429,19,43
2025-10-04,11.570118953876182,2.452053609182901,9.118065344693282,-0.8574694221777586,2.4646209511099646,-3.3220903732877245,32,8.995278203338327,1.71643752642803,7.278840676910298,29,42
2025-10-05,2.0103401859764922,-0.4502854351039283,2.4606256210804207,11.661469876665974,0.5373047401863925,11.124165136479581,35,14.234742310808544,-0.3151998045727499,14.549942115381294,33,42
2025-10-06,97.6269025874065,79.4286521129381,18.198250474468402,87.6479524749065,79.4286521129381,8.219300361968404,5,100.30084348930956,55.60005647905667,44.70078701025289,5,40
2025-10-07,122.2356498504515,104.86268956767525,17.37296028277626,122.2356498504515,104.86268956767525,17.37296028277626,0,114.92751191594105,73.40388269737267,41.52362921856839,0,43
2025-10-08,221.27409199834284,147.2960017969533,73.9780902013895,221.27409199834284,147.2960017969533,73.9780902013895,0,219.64765297134,103.10720125786733,116.54045171347266,0,43
2025-10-09,142.1241227080929,153.05744186740782,-10.933319159314909,142.1241227080929,153.05744186740782,-10.933319159314909,0,182.55836759754004,107.14020930718547,75.41815829035458,0,43
2025-10-10,141.12168496522509,77.45816633765219,63.663518627572884,141.12168496522509,77.45816633765219,63.663518627572884,0,163.39290052815755,54.22071643635654,109.17218409180103,0,43
2025-10-11,266.3619125821381,145.5338692351456,120.82804334699242,293.056273338388,145.5338692351456,147.52240410324242,2,289.5457114018716,101.87370846460192,187.6720029372697,0,43
2025-10-12,112.38240553039952,59.753541024482935,52.628864505916596,150.36847267414953,59.753541024482935,90.6149316496666,7,105.07964787690466,41.82747871713805,63.25216915976662,0,41
2025-10-13,367.0627190933815,249.7275749918353,117.33514410154612,367.0627190933815,249.7275749918353,117.33514410154612,0,392.35755489661705,174.80930249428468,217.5482524023323,0,43
2025-10-14,157.27747328021957,107.60185515931084,49.67561812090873,157.27747328021957,107.60185515931084,49.67561812090873,0,142.9944346592787,75.32129861151759,67.6731360477611,0,41
2025-10-15,168.5055754324282,140.2878976387099,28.217677793718305,168.5055754324282,140.2878976387099,28.217677793718305,0,153.02472321082473,98.20152834709691,54.82319486372782,0,42
2025-10-16,295.778593094654,176.88808631475501,118.89050677989897,295.778593094654,176.88808631475501,118.89050677989897,0,319.52511822313284,123.8216604203285,195.70345780280428,0,40
2025-10-17,74.02998063586283,62.110165046367634,11.919815589495192,74.02998063586283,62.110165046367634,11.919815589495192,0,71.44256074572897,43.47711553245735,27.965445213271636,0,38
2025-10-18,107.09342256156889,68.74179760622319,38.3516249553457,101.1421603803189,68.74179760622319,32.4003627740957,22,97.86710999622323,48.11925832435623,49.74785167186698,17,42
2025-10-19,44.108174548668345,15.000566899435821,29.107607649232527,43.83281447366835,15.000566899435821,28.832247574232525,2,70.50727661531783,10.500396829605073,60.006879785712776,0,39
2025-10-20,31.031417166870362,17.865702542765685,13.165714624104673,42.084818723120364,17.865702542765685,24.21911618035467,14,44.03080429805925,12.505991779935979,31.52481251812327,14,42
2025-10-21,112.97781979607042,84.97630846979763,28.001511326272805,100.92435382107041,84.97630846979763,15.9480453512728,14,100.5334475172493,59.48341592885833,41.050031588390965,14,41
2025-10-22,104.39838916380472,87.84351067862194,16.554878485182783,104.39838916380472,87.84351067862194,16.554878485182783,0,85.73501566153828,61.49045747503535,24.24455818650295,0,39
2025-10-23,5.041902417531331,2.5153383645631484,2.5265640529681805,2.6489522214374626,2.5160393504994985,0.13291287093796544,8,9.540750145396931,1.760736855194203,7.780013290202725,4,40
2025-10-24,178.50006328865118,86.22678669515335,92.27327659349784,183.5458765886512,86.22678669515335,97.31908989349785,30,186.5254834164308,60.358750686607344,126.1667327298235,23,43
2025-10-25,33.71271603396836,20.315051278777624,13.39766475519075,22.52043857771837,20.315051278777624,2.2053872989407477,20,35.48340770127786,14.220535895144334,21.262871806133525,13,42
2025-10-26,24.732987920323325,17.109023850203904,7.623964070119418,49.525627607823324,17.109023850203904,32.41660375761943,25,45.730670499226335,11.976316695142732,33.75435380408359,23,43
2025-10-27,35.38977141432907,30.222989239435833,5.166782174893233,39.55653580807906,30.222989239435833,9.333546568643232,27,30.048889605655344,21.156092467605085,8.892797138050263,27,38
2025-10-28,19.365292187282133,18.226888462812624,1.1384037244695118,10.805032399782133,18.226888462812624,-7.421856063030487,19,16.174533565472494,12.758821923968833,3.415711641503659,13,34
2025-10-29,35.120743206208445,41.82536012144596,-6.704616915237513,27.24370403745845,41.82536012144596,-14.581656083987513,19,28.796898343720915,29.27775208501217,-0.480853741291257,14,38
2025-10-30,14.659430455958127,19.59242527267596,-4.932994816717834,47.982637380958124,19.59242527267596,28.390212108282164,18,36.27218686667069,13.714697690873173,22.557489175797517,20,37
2025-10-31,16.121120800650825,11.215205050131239,4.9059157505195845,16.121120800650825,11.215205050131239,4.9059157505195845,0,20.233593582330577,7.850643535091867,12.382950047238708,0,35
2025-11-01,11.365345100801274,10.887818191012101,0.47752690978917545,11.365345100801274,10.887818191012101,0.47752690978917545,0,19.545320210560895,7.621472733708469,11.923847476852423,0,34
2025-11-02,14.030554405536204,8.882887113003097,5.147667292533107,10.854751743036205,8.882887113003097,1.9718646300331069,18,14.998852783875343,6.2180209791021674,8.780831804773173,14,33
2025-11-03,66.32336260581194,48.60693968229842,17.71642292351352,57.076596818311934,48.60693968229842,8.469657136013522,7,68.22059865656837,34.02485777760889,34.19574087895947,7,40
2025-11-04,4.5591870389232545,15.30005540422806,-10.740868365304806,82.99278292642325,15.30005540422806,67.69272752219521,11,91.86525695162129,10.71003878295964,81.15521816866163,10,38
2025-11-05,11.910082610154506,8.83010980966964,3.079972800484862,119.6990509164045,8.83010980966964,110.86894110673487,15,74.94007529835815,6.181076866768748,68.75899843158939,13,39
2025-11-06,51.70868778258403,45.93174586310755,5.776941919476476,34.51932060758403,45.93174586310755,-11.412425255523523,6,64.01510231843382,32.15222210417528,31.86288021425854,0,37
2025-11-07,188.13899614858525,140.7587372819669,47.38025886661839,188.13899614858525,140.7587372819669,47.38025886661839,0,175.32442130838467,98.53111609737681,76.79330521100789,0,38
2025-11-08,34.74857982552151,31.314187817636196,3.4343920078853145,34.74857982552151,31.314187817636196,3.4343920078853145,0,27.584920625365054,21.919931472345333,5.66498915301972,0,38
2025-11-09,64.93385563983968,61.71428293843955,3.219572701400111,61.34491381483967,61.71428293843955,-0.3693691235998886,7,43.113348358512766,43.19999805690769,-0.08664969839492453,0,35
2025-11-10,128.5547959128733,90.38907680141679,38.16571911145649,127.30226553787327,90.38907680141679,36.91318873645649,4,136.6247706752613,63.27235376099175,73.35241691426955,0,35
2025-11-11,8.259776871944016,8.048213617282023,0.21156325466198833,6.782778971944014,8.048213617282023,-1.2654346453380119,1,6.35569559973581,5.633749532097416,0.7219460676383926,1,37
2025-11-12,56.91838098563131,16.302230720361706,40.616150265269596,56.91838098563131,16.302230720361706,40.616150265269596,0,101.33610864994192,11.411561504253195,89.92454714568872,0,35
2025-11-13,60.210626639576645,71.84152707360809,-11.630900434031444,45.07561312707665,71.84152707360809,-26.765913946531445,9,107.18598795895366,50.28906895152566,56.896919007428,5,35
2025-11-14,21.828056075879196,20.54790695595168,1.2801491199275152,21.828056075879196,20.54790695595168,1.2801491199275152,0,28.835942366240438,14.383534869166173,14.452407497074262,0,34
2025-11-15,8.361624272892517,7.549432774166937,0.8121914987255789,7.655988566642517,7.549432774166937,0.10655579247557972,8,7.062865514774762,5.284602941916855,1.778262572857905,2,33
2025-11-16,16.54959536030361,15.189959803626689,1.359635556676921,11.436992466553612,15.189959803626689,-3.7529673370730787,14,16.057124381587528,10.63297186253868,5.424152519048844,0,34
2025-11-17,26.394607537806166,19.411555026284844,6.9830525115213264,26.394607537806166,19.411555026284844,6.9830525115213264,0,30.09364223646432,13.588088518399386,16.50555371806493,0,35
2025-11-18,237.97975377576955,125.10535142963747,112.87440234613207,237.97975377576955,125.10535142963747,112.87440234613207,0,252.95923450866368,87.57374600074621,165.38548850791744,0,34
2025-11-19,95.13891975739067,96.97902901361502,-1.8401092562243586,95.13891975739067,96.97902901361502,-1.8401092562243586,0,93.10971923392346,67.88532030953051,25.22439892439295,0,35
2025-11-20,284.6905687178595,266.41282542344817,18.277743294411323,261.3408292428595,266.41282542344817,-5.071996180588677,4,227.55095775937664,186.4889777964137,41.06197996296294,0,35
2025-11-21,71.13508919764251,46.03618460041446,25.098904597228064,71.13508919764251,46.03618460041446,25.098904597228064,0,75.24503096834977,32.22532922029012,43.019701748059646,0,34
2025-11-22,301.61463966073086,200.36568999131913,101.24894966941174,301.61463966073086,200.36568999131913,101.24894966941174,0,324.8210745012616,140.2559829939234,184.56509150733822,0,34
2025-11-23,110.10176423157712,112.1518813299129,-2.050117098335765,109.60045645657712,112.1518813299129,-2.551424873335765,1,96.95636623210399,78.50631693093902,18.45004930116497,0,32
2025-11-24,205.77179995234533,169.51379650702995,36.25800344531538,205.77179995234533,169.51379650702995,36.25800344531538,0,175.19511972601669,118.65965755492095,56.535462171095766,0,35
2025-11-25,57.68115721209416,60.11028864565155,-2.429131433557384,55.91463811209417,60.11028864565155,-4.195650533557385,5,55.50127738971591,42.077202051956085,13.424075337759835,0,35
2025-11-26,106.52023742480219,91.8744411055863,14.645796319215886,106.52023742480219,91.8744411055863,14.645796319215886,0,122.82475481298653,64.3121087739104,58.51264603907613,0,35
2025-11-27,101.47217790346483,93.72426389045398,7.747914013010851,81.25528236596482,93.72426389045398,-12.468981524489152,10,87.46862749867537,65.60698472331778,21.8616427753576,4,32
2025-11-28,105.16176666123943,89.57796178327794,15.583804877961471,105.16176666123943,89.57796178327794,15.583804877961471,0,119.1452880597426,62.70457324829455,56.44071481144804,0,35
2025-11-29,48.7305812550928,43.067817855320115,5.6627633997726825,30.983638886342806,43.067817855320115,-12.084178968977316,14,44.24385805668996,30.14747249872408,14.096385557965881,7,35
2025-11-30,35.35505254966322,27.17661021963714,8.17844233002608,20.17570803091322,27.17661021963714,-7.00090218872392,20,30.71734846038925,19.023627153745995,11.693721306643257,5,31
2025-12-01,31.26991459062763,27.746324798376936,3.5235897922506894,30.286805440627628,27.746324798376936,2.5404806422506896,1,27.11368638656434,19.422427358863853,7.691259027700483,2,35
2025-12-02,190.47267058733075,209.61277716150488,-19.14010657417414,174.73872178733075,209.61277716150488,-34.87405537417414,2,185.3179810673815,146.72894401305342,38.58903705432811,1,33
2025-12-03,249.45430008428082,225.39822180008224,24.056078284198563,249.45430008428082,225.39822180008224,24.056078284198563,0,233.08000649774655,157.77875526005758,75.301251237689,0,34
2025-12-04,256.1106117525271,245.04755590534796,11.063055847179156,243.27555128377713,245.04755590534796,-1.7720046215708436,2,247.93903347676897,171.53328913374355,76.40574434302542,0,35
2025-12-05,337.6777177996063,263.62533303731306,74.0523847622932,337.6777177996063,263.62533303731306,74.0523847622932,0,334.67975260409935,184.53773312611915,150.14201947798026,0,35
2025-12-06,21.98931834967464,19.2432426102788,2.746075739395842,18.44379703092464,19.2432426102788,-0.7994455793541579,9,23.99728512164725,13.470269827195157,10.527015294452088,1,33
2025-12-07,8.699946539913828,7.228863767811248,1.471082772102578,8.012584252413827,7.228863767811248,0.783720484602578,3,9.92208427981468,5.060204637467873,4.861879642346805,0,35
2025-12-08,-1.2058256672471555,3.7978849650257533,-5.0037106322729095,14.135947901502846,3.7978849650257533,10.33806293647709,21,8.69984355917699,2.658519475518027,6.041324083658962,16,27
2025-12-09,4.600072132792871,8.590679502184935,-3.990607369392065,65.39956181404288,8.590679502184935,56.80888231185794,16,-2.1690225939199923,6.013475651529454,-8.182498245449446,3,34
2025-12-10,269.41072482740526,223.73692645305943,45.67379837434579,253.9844949649052,223.73692645305943,30.24756851184579,5,266.08096835605863,156.6158485171416,109.46511983891708,2,35
2025-12-11,55.96408171431519,61.276195550932066,-5.3121138366168825,55.96408171431519,61.276195550932066,-5.3121138366168825,0,62.91466989627063,42.893336885652445,20.021333010618186,0,31
2025-12-12,59.72578795519989,45.58147314817873,14.14431480702115,59.72578795519989,45.58147314817873,14.14431480702115,0,62.29604476176492,31.90703120372511,30.389013558039807,0,27
2025-12-13,132.18522419616716,103.44157651994563,28.74364767622151,132.18522419616716,103.44157651994563,28.74364767622151,0,124.567923972317,72.40910356396193,52.15882040835506,0,35
2025-12-14,86.68471320979546,80.27761066219529,6.407102547600175,86.68471320979546,80.27761066219529,6.407102547600175,0,91.08709367748183,56.194327463536695,34.89276621394512,0,35
2025-12-15,29.528570264863564,20.723868377001068,8.8047018878625,29.528570264863564,20.723868377001068,8.8047018878625,0,33.28929450477949,14.506707863900743,18.782586640878748,0,32
2025-12-16,168.3335316584369,114.52177991224193,53.811751746194986,168.3335316584369,114.52177991224193,53.811751746194986,0,167.14015060465584,80.16524593856934,86.97490466608649,0,35
2025-12-17,135.45566592984352,100.16863535272435,35.28703057711919,135.45566592984352,100.16863535272435,35.28703057711919,0,129.63055705401547,70.11804474690703,59.51251230710844,0,34
2025-12-18,13.297760102991768,17.764591685544595,-4.4668315825528335,112.82544103424175,17.764591685544595,95.06084934869716,11,59.06640838709423,12.435214179881214,46.63119420721303,10,35
2025-12-19,38.74270709194988,43.60161381857116,-4.85890672662127,38.74270709194988,43.60161381857116,-4.85890672662127,0,39.62871940498992,30.52112967299981,9.107589731990114,0,30
2025-12-20,138.58116907078204,125.89614461240416,12.685024458377908,138.58116907078204,125.89614461240416,12.685024458377908,0,148.50922211892242,88.1273012286829,60.38192089023954,0,34
2025-12-21,90.94743773834035,86.23473661651569,4.712701121824655,91.67767431959035,86.23473661651569,5.442937703074655,2,61.704497926838236,60.36431563156098,1.3401822952772555,0,34
2025-12-22,198.77207546581104,130.33532935272584,68.43674611308522,198.57142301581104,130.33532935272584,68.23609366308521,1,216.54404042669273,91.23473054690805,125.30930987978466,0,29
2025-12-23,256.435668896617,259.9081000441149,-3.472431147497857,253.76293214661706,259.9081000441149,-6.145167897497856,3,251.94593850638194,181.93567003088043,70.0102684755015,5,35
2025-12-24,80.6067156737479,70.33186140390602,10.274854269841889,73.67724901124791,70.33186140390602,3.345387607341888,4,127.19129746599853,49.232302982734204,77.95899448326433,0,32
2025-12-25,75.87582400273438,43.052507499527735,32.82331650320663,71.21820307773436,43.052507499527735,28.165695578206627,5,85.98792453378906,30.136755249669413,55.85116928411965,5,34
2025-12-26,166.80597106704872,95.58001540902434,71.22595565802438,166.80597106704872,95.58001540902434,71.22595565802438,0,176.31787135943412,66.90601078631704,109.41186057311707,0,34
2025-12-27,25.92687654954031,22.36174040897797,3.5651361405623385,23.244373299540307,22.36174040897797,0.8826328905623388,3,26.062024585928217,15.653218286284577,10.408806299643638,1,33
2025-12-28,181.99426720045426,158.2993143741115,23.694952826342767,167.87107637545427,158.2993143741115,9.57176200134277,2,174.52757125219298,110.80952006187803,63.718051190314945,0,35
2025-12-29,145.50445049070038,119.32620054010656,26.17824995059381,145.50445049070038,119.32620054010656,26.17824995059381,0,142.10040202974025,83.52834037807457,58.57206165166568,0,35
2025-12-30,158.76442750787214,146.4670255212137,12.297401986658457,158.02438289537216,146.4670255212137,11.557357374158457,1,151.7363882086355,102.52691786484958,49.209470343785924,0,32
2025-12-31,284.76961430896984,252.1191171854092,32.650497123560626,253.74827297146985,252.1191171854092,1.6291557860606267,9,258.0485890244039,176.48338202978644,81.56520699461745,5,35
