timestamp,date,hour,is_weekend,volume,isp,forecast_volume,mfrr_ratio_neg,afrr_ratio_neg,discharge_kwh,forced_kwh,smart_kwh,total_charge_kwh,soc_kwh,cost_eur,is_smart_neg_isp,strategy
2026-01-01,2026-01-01,0,False,83.77,71.09,0.0,97.32,82.82,0.0,0.0,0.0,0.0,33.0,0.0,False,S1
2026-01-01,2026-01-01,0,False,83.77,71.09,0.0,97.32,82.82,0.0,0.0,0.0,0.0,33.0,0.0,False,S2
2026-01-01,2026-01-01,0,False,83.77,71.09,0.0,97.32,82.82,0.0,0.0,0.0,0.0,33.0,0.0,False,S_BE_OPT
2026-01-01 00:15:00,2026-01-01,0,False,115.89,59.32,0.0,97.28,84.91,0.0,0.0,0.0,0.0,33.0,0.0,False,S1
2026-01-01 00:15:00,2026-01-01,0,False,115.89,59.32,0.0,97.28,84.91,0.0,0.0,0.0,0.0,33.0,0.0,False,S2
2026-01-01 00:15:00,2026-01-01,0,False,115.89,59.32,0.0,97.28,84.91,0.0,0.0,0.0,0.0,33.0,0.0,False,S_BE_OPT
2026-01-01 00:30:00,2026-01-01,0,False,18.58,57.32,0.0,97.37,84.99,0.0,0.0,0.0,0.0,33.0,0.0,False,S1
2026-01-01 00:30:00,2026-01-01,0,False,18.58,57.32,0.0,97.37,84.99,0.0,0.0,0.0,0.0,33.0,0.0,False,S2
2026-01-01 00:30:00,2026-01-01,0,False,18.58,57.32,0.0,97.37,84.99,0.0,0.0,0.0,0.0,33.0,0.0,False,S_BE_OPT
2026-01-01 00:45:00,2026-01-01,0,False,60.74,71.69,0.0,97.19,87.35,0.0,0.0,0.0,0.0,33.0,0.0,False,S1
2026-01-01 00:45:00,2026-01-01,0,False,60.74,71.69,0.0,97.19,87.35,0.0,0.0,0.0,0.0,33.0,0.0,False,S2
2026-01-01 00:45:00,2026-01-01,0,False,60.74,71.69,0.0,97.19,87.35,0.0,0.0,0.0,0.0,33.0,0.0,False,S_BE_OPT
2026-01-01 01:00:00,2026-01-01,1,False,-137.36,78.18,0.0,99.85,83.89,0.0,0.0,0.0,0.0,33.0,0.0,False,S1
2026-01-01 01:00:00,2026-01-01,1,False,-137.36,78.18,0.0,99.85,83.89,0.0,0.0,0.0,0.0,33.0,0.0,False,S2
2026-01-01 01:00:00,2026-01-01,1,False,-137.36,78.18,0.0,99.85,83.89,0.0,0.0,0.0,0.0,33.0,0.0,False,S_BE_OPT
2026-01-01 01:15:00,2026-01-01,1,False,-114.62,84.93,0.0,100.0,85.12,0.0,0.0,0.0,0.0,33.0,0.0,False,S1
2026-01-01 01:15:00,2026-01-01,1,False,-114.62,84.93,0.0,100.0,85.12,0.0,0.0,0.0,0.0,33.0,0.0,False,S2
2026-01-01 01:15:00,2026-01-01,1,False,-114.62,84.93,0.0,100.0,85.12,0.0,0.0,0.0,0.0,33.0,0.0,False,S_BE_OPT
2026-01-01 01:30:00,2026-01-01,1,False,-234.9,79.69,0.0,99.11,90.58,0.0,0.0,0.0,0.0,33.0,0.0,False,S1
2026-01-01 01:30:00,2026-01-01,1,False,-234.9,79.69,0.0,99.11,90.58,0.0,0.0,0.0,0.0,33.0,0.0,False,S2
2026-01-01 01:30:00,2026-01-01,1,False,-234.9,79.69,0.0,99.11,90.58,0.0,0.0,0.0,0.0,33.0,0.0,False,S_BE_OPT
2026-01-01 01:45:00,2026-01-01,1,False,-99.2,82.07,0.0,99.26,91.08,0.0,0.0,0.0,0.0,33.0,0.0,False,S1
2026-01-01 01:45:00,2026-01-01,1,False,-99.2,82.07,0.0,99.26,91.08,0.0,0.0,0.0,0.0,33.0,0.0,False,S2
2026-01-01 01:45:00,2026-01-01,1,False,-99.2,82.07,0.0,99.26,91.08,0.0,0.0,0.0,0.0,33.0,0.0,False,S_BE_OPT
2026-01-01 02:00:00,2026-01-01,2,False,-110.88,85.64,0.0,99.85,88.75,0.0,0.0,0.0,0.0,33.0,0.0,False,S1
2026-01-01 02:00:00,2026-01-01,2,False,-110.88,85.64,0.0,99.85,88.75,0.0,0.0,0.0,0.0,33.0,0.0,False,S2
2026-01-01 02:00:00,2026-01-01,2,False,-110.88,85.64,0.0,99.85,88.75,0.0,0.0,0.0,0.0,33.0,0.0,False,S_BE_OPT
2026-01-01 02:15:00,2026-01-01,2,False,-31.73,87.71,0.0,100.0,91.03,0.0,0.0,0.0,0.0,33.0,0.0,False,S1
2026-01-01 02:15:00,2026-01-01,2,False,-31.73,87.71,0.0,100.0,91.03,0.0,0.0,0.0,0.0,33.0,0.0,False,S2
2026-01-01 02:15:00,2026-01-01,2,False,-31.73,87.71,0.0,100.0,91.03,0.0,0.0,0.0,0.0,33.0,0.0,False,S_BE_OPT
2026-01-01 02:30:00,2026-01-01,2,False,-97.81,86.74,0.0,100.0,92.23,0.0,0.0,0.0,0.0,33.0,0.0,False,S1
2026-01-01 02:30:00,2026-01-01,2,False,-97.81,86.74,0.0,100.0,92.23,0.0,0.0,0.0,0.0,33.0,0.0,False,S2
2026-01-01 02:30:00,2026-01-01,2,False,-97.81,86.74,0.0,100.0,92.23,0.0,0.0,0.0,0.0,33.0,0.0,False,S_BE_OPT
2026-01-01 02:45:00,2026-01-01,2,False,-23.85,89.53,0.0,100.0,93.17,0.0,0.0,0.0,0.0,33.0,0.0,False,S1
2026-01-01 02:45:00,2026-01-01,2,False,-23.85,89.53,0.0,100.0,93.17,0.0,0.0,0.0,0.0,33.0,0.0,False,S2
2026-01-01 02:45:00,2026-01-01,2,False,-23.85,89.53,0.0,100.0,93.17,0.0,0.0,0.0,0.0,33.0,0.0,False,S_BE_OPT
2026-01-01 03:00:00,2026-01-01,3,False,-169.97,82.63,0.0,100.0,86.91,0.0,0.0,0.0,0.0,33.0,0.0,False,S1
2026-01-01 03:00:00,2026-01-01,3,False,-169.97,82.63,0.0,100.0,86.91,0.0,0.0,0.0,0.0,33.0,0.0,False,S2
2026-01-01 03:00:00,2026-01-01,3,False,-169.97,82.63,0.0,100.0,86.91,0.0,0.0,0.0,0.0,33.0,0.0,False,S_BE_OPT
2026-01-01 03:15:00,2026-01-01,3,False,-84.48,87.35,0.0,100.0,87.52,0.0,0.0,0.0,0.0,33.0,0.0,False,S1
2026-01-01 03:15:00,2026-01-01,3,False,-84.48,87.35,0.0,100.0,87.52,0.0,0.0,0.0,0.0,33.0,0.0,False,S2
2026-01-01 03:15:00,2026-01-01,3,False,-84.48,87.35,0.0,100.0,87.52,0.0,0.0,0.0,0.0,33.0,0.0,False,S_BE_OPT
2026-01-01 03:30:00,2026-01-01,3,False,-113.72,89.74,0.0,100.0,87.93,0.0,0.0,0.0,0.0,33.0,0.0,False,S1
2026-01-01 03:30:00,2026-01-01,3,False,-113.72,89.74,0.0,100.0,87.93,0.0,0.0,0.0,0.0,33.0,0.0,False,S2
2026-01-01 03:30:00,2026-01-01,3,False,-113.72,89.74,0.0,100.0,87.93,0.0,0.0,0.0,0.0,33.0,0.0,False,S_BE_OPT
2026-01-01 03:45:00,2026-01-01,3,False,59.39,32.06,0.0,100.0,89.41,0.0,0.0,0.0,0.0,33.0,0.0,False,S1
2026-01-01 03:45:00,2026-01-01,3,False,59.39,32.06,0.0,100.0,89.41,0.0,0.0,0.0,0.0,33.0,0.0,False,S2
2026-01-01 03:45:00,2026-01-01,3,False,59.39,32.06,0.0,100.0,89.41,0.0,0.0,0.0,0.0,33.0,0.0,False,S_BE_OPT
2026-01-01 04:00:00,2026-01-01,4,False,-52.77,78.64,0.0,100.0,83.73,0.0,0.0,0.0,0.0,33.0,0.0,False,S1
2026-01-01 04:00:00,2026-01-01,4,False,-52.77,78.64,0.0,100.0,83.73,0.0,0.0,0.0,0.0,33.0,0.0,False,S2
2026-01-01 04:00:00,2026-01-01,4,False,-52.77,78.64,0.0,100.0,83.73,0.0,0.0,0.0,0.0,33.0,0.0,False,S_BE_OPT
2026-01-01 04:15:00,2026-01-01,4,False,-36.69,0.0,0.0,100.0,86.6,0.0,0.0,0.0,0.0,33.0,0.0,False,S1
2026-01-01 04:15:00,2026-01-01,4,False,-36.69,0.0,0.0,100.0,86.6,0.0,0.0,0.0,0.0,33.0,0.0,False,S2
2026-01-01 04:15:00,2026-01-01,4,False,-36.69,0.0,0.0,100.0,86.6,0.0,0.0,0.0,0.0,33.0,0.0,False,S_BE_OPT
2026-01-01 04:30:00,2026-01-01,4,False,31.28,28.36,0.0,100.0,85.26,0.0,0.0,0.0,0.0,33.0,0.0,False,S1
2026-01-01 04:30:00,2026-01-01,4,False,31.28,28.36,0.0,100.0,85.26,0.0,0.0,0.0,0.0,33.0,0.0,False,S2
2026-01-01 04:30:00,2026-01-01,4,False,31.28,28.36,0.0,100.0,85.26,0.0,0.0,0.0,0.0,33.0,0.0,False,S_BE_OPT
2026-01-01 04:45:00,2026-01-01,4,False,7.67,28.36,0.0,100.0,83.45,0.0,0.0,0.0,0.0,33.0,0.0,False,S1
2026-01-01 04:45:00,2026-01-01,4,False,7.67,28.36,0.0,100.0,83.45,0.0,0.0,0.0,0.0,33.0,0.0,False,S2
2026-01-01 04:45:00,2026-01-01,4,False,7.67,28.36,0.0,100.0,83.45,0.0,0.0,0.0,0.0,33.0,0.0,False,S_BE_OPT
2026-01-01 05:00:00,2026-01-01,5,False,-125.93,0.0,0.0,100.0,84.05,0.0,0.0,0.0,0.0,33.0,0.0,False,S1
2026-01-01 05:00:00,2026-01-01,5,False,-125.93,0.0,0.0,100.0,84.05,0.0,0.0,0.0,0.0,33.0,0.0,False,S2
2026-01-01 05:00:00,2026-01-01,5,False,-125.93,0.0,0.0,100.0,84.05,0.0,0.0,0.0,0.0,33.0,0.0,False,S_BE_OPT
2026-01-01 05:15:00,2026-01-01,5,False,-127.85,0.0,0.0,100.0,84.76,0.0,0.0,0.0,0.0,33.0,0.0,False,S1
2026-01-01 05:15:00,2026-01-01,5,False,-127.85,0.0,0.0,100.0,84.76,0.0,0.0,0.0,0.0,33.0,0.0,False,S2
2026-01-01 05:15:00,2026-01-01,5,False,-127.85,0.0,0.0,100.0,84.76,0.0,0.0,0.0,0.0,33.0,0.0,False,S_BE_OPT
2026-01-01 05:30:00,2026-01-01,5,False,-142.91,0.0,0.0,100.0,83.96,0.0,0.0,0.0,0.0,33.0,0.0,False,S1
2026-01-01 05:30:00,2026-01-01,5,False,-142.91,0.0,0.0,100.0,83.96,0.0,0.0,0.0,0.0,33.0,0.0,False,S2
2026-01-01 05:30:00,2026-01-01,5,False,-142.91,0.0,0.0,100.0,83.96,0.0,0.0,0.0,0.0,33.0,0.0,False,S_BE_OPT
2026-01-01 05:45:00,2026-01-01,5,False,-170.81,0.0,0.0,100.0,86.01,0.0,0.0,0.0,0.0,33.0,0.0,False,S1
2026-01-01 05:45:00,2026-01-01,5,False,-170.81,0.0,0.0,100.0,86.01,0.0,0.0,0.0,0.0,33.0,0.0,False,S2
2026-01-01 05:45:00,2026-01-01,5,False,-170.81,0.0,0.0,100.0,86.01,0.0,0.0,0.0,0.0,33.0,0.0,False,S_BE_OPT
2026-01-01 06:00:00,2026-01-01,6,False,-27.76,0.0,0.0,100.0,89.23,1.875,0.0,0.0,0.0,31.125,0.0,False,S1
2026-01-01 06:00:00,2026-01-01,6,False,-27.76,0.0,0.0,100.0,89.23,1.875,0.0,0.0,0.0,31.125,0.0,False,S2
2026-01-01 06:00:00,2026-01-01,6,False,-27.76,0.0,0.0,100.0,89.23,1.875,0.0,0.0,0.0,31.125,0.0,False,S_BE_OPT
2026-01-01 06:15:00,2026-01-01,6,False,-153.2,19.96,0.0,100.0,89.21,1.875,0.0,0.0,0.0,29.25,0.0,False,S1
2026-01-01 06:15:00,2026-01-01,6,False,-153.2,19.96,0.0,100.0,89.21,1.875,0.0,0.0,0.0,29.25,0.0,False,S2
2026-01-01 06:15:00,2026-01-01,6,False,-153.2,19.96,0.0,100.0,89.21,1.875,0.0,0.0,0.0,29.25,0.0,False,S_BE_OPT
2026-01-01 06:30:00,2026-01-01,6,False,-113.53,0.0,0.0,100.0,88.34,1.875,0.0,0.0,0.0,27.375,0.0,False,S1
2026-01-01 06:30:00,2026-01-01,6,False,-113.53,0.0,0.0,100.0,88.34,1.875,0.0,0.0,0.0,27.375,0.0,False,S2
2026-01-01 06:30:00,2026-01-01,6,False,-113.53,0.0,0.0,100.0,88.34,1.875,0.0,0.0,0.0,27.375,0.0,False,S_BE_OPT
2026-01-01 06:45:00,2026-01-01,6,False,-50.75,24.0,0.0,100.0,88.01,1.875,0.0,0.0,0.0,25.5,0.0,False,S1
2026-01-01 06:45:00,2026-01-01,6,False,-50.75,24.0,0.0,100.0,88.01,1.875,0.0,0.0,0.0,25.5,0.0,False,S2
2026-01-01 06:45:00,2026-01-01,6,False,-50.75,24.0,0.0,100.0,88.01,1.875,0.0,0.0,0.0,25.5,0.0,False,S_BE_OPT
2026-01-01 07:00:00,2026-01-01,7,False,46.02,70.75,0.0,100.0,88.57,0.0,0.0,0.0,0.0,25.5,0.0,False,S1
2026-01-01 07:00:00,2026-01-01,7,False,46.02,70.75,0.0,100.0,88.57,0.0,0.0,0.0,0.0,25.5,0.0,False,S2
2026-01-01 07:00:00,2026-01-01,7,False,46.02,70.75,0.0,100.0,88.57,0.0,0.0,0.0,0.0,25.5,0.0,False,S_BE_OPT
2026-01-01 07:15:00,2026-01-01,7,False,53.29,70.75,0.0,100.0,88.06,0.0,0.0,0.0,0.0,25.5,0.0,False,S1
2026-01-01 07:15:00,2026-01-01,7,False,53.29,70.75,0.0,100.0,88.06,0.0,0.0,0.0,0.0,25.5,0.0,False,S2
2026-01-01 07:15:00,2026-01-01,7,False,53.29,70.75,0.0,100.0,88.06,0.0,0.0,0.0,0.0,25.5,0.0,False,S_BE_OPT
2026-01-01 07:30:00,2026-01-01,7,False,99.33,70.75,0.0,100.0,82.66,0.0,0.0,0.0,0.0,25.5,0.0,False,S1
2026-01-01 07:30:00,2026-01-01,7,False,99.33,70.75,0.0,100.0,82.66,0.0,0.0,0.0,0.0,25.5,0.0,False,S2
2026-01-01 07:30:00,2026-01-01,7,False,99.33,70.75,0.0,100.0,82.66,0.0,0.0,0.0,0.0,25.5,0.0,False,S_BE_OPT
2026-01-01 07:45:00,2026-01-01,7,False,22.57,70.75,0.0,100.0,86.06,0.0,0.0,0.0,0.0,25.5,0.0,False,S1
2026-01-01 07:45:00,2026-01-01,7,False,22.57,70.75,0.0,100.0,86.06,0.0,0.0,0.0,0.0,25.5,0.0,False,S2
2026-01-01 07:45:00,2026-01-01,7,False,22.57,70.75,0.0,100.0,86.06,0.0,0.0,0.0,0.0,25.5,0.0,False,S_BE_OPT
2026-01-01 08:00:00,2026-01-01,8,False,-72.24,32.84,0.0,100.0,86.63,0.0,0.0,0.0,0.0,25.5,0.0,False,S1
2026-01-01 08:00:00,2026-01-01,8,False,-72.24,32.84,0.0,100.0,86.63,0.0,0.0,0.0,0.0,25.5,0.0,False,S2
2026-01-01 08:00:00,2026-01-01,8,False,-72.24,32.84,0.0,100.0,86.63,0.0,0.0,0.0,0.0,25.5,0.0,False,S_BE_OPT
2026-01-01 08:15:00,2026-01-01,8,False,-125.68,32.84,0.0,99.65,86.38,0.0,0.0,0.0,0.0,25.5,0.0,False,S1
2026-01-01 08:15:00,2026-01-01,8,False,-125.68,32.84,0.0,99.65,86.38,0.0,0.0,0.0,0.0,25.5,0.0,False,S2
2026-01-01 08:15:00,2026-01-01,8,False,-125.68,32.84,0.0,99.65,86.38,0.0,0.0,0.0,0.0,25.5,0.0,False,S_BE_OPT
2026-01-01 08:30:00,2026-01-01,8,False,-174.74,19.53,0.0,100.0,86.42,0.0,0.0,0.0,0.0,25.5,0.0,False,S1
2026-01-01 08:30:00,2026-01-01,8,False,-174.74,19.53,0.0,100.0,86.42,0.0,0.0,0.0,0.0,25.5,0.0,False,S2
2026-01-01 08:30:00,2026-01-01,8,False,-174.74,19.53,0.0,100.0,86.42,0.0,0.0,0.0,0.0,25.5,0.0,False,S_BE_OPT
2026-01-01 08:45:00,2026-01-01,8,False,-181.07,19.53,0.0,99.63,84.58,0.0,0.0,0.0,0.0,25.5,0.0,False,S1
2026-01-01 08:45:00,2026-01-01,8,False,-181.07,19.53,0.0,99.63,84.58,0.0,0.0,0.0,0.0,25.5,0.0,False,S2
2026-01-01 08:45:00,2026-01-01,8,False,-181.07,19.53,0.0,99.63,84.58,0.0,0.0,0.0,0.0,25.5,0.0,False,S_BE_OPT
2026-01-01 09:00:00,2026-01-01,9,False,-214.0,44.75,0.0,100.0,83.81,0.0,0.0,0.0,0.0,25.5,0.0,False,S1
2026-01-01 09:00:00,2026-01-01,9,False,-214.0,44.75,0.0,100.0,83.81,0.0,0.0,0.0,0.0,25.5,0.0,False,S2
2026-01-01 09:00:00,2026-01-01,9,False,-214.0,44.75,0.0,100.0,83.81,0.0,0.0,0.0,0.0,25.5,0.0,False,S_BE_OPT
2026-01-01 09:15:00,2026-01-01,9,False,-269.89,43.71,0.0,100.0,86.2,0.0,0.0,0.0,0.0,25.5,0.0,False,S1
2026-01-01 09:15:00,2026-01-01,9,False,-269.89,43.71,0.0,100.0,86.2,0.0,0.0,0.0,0.0,25.5,0.0,False,S2
2026-01-01 09:15:00,2026-01-01,9,False,-269.89,43.71,0.0,100.0,86.2,0.0,0.0,0.0,0.0,25.5,0.0,False,S_BE_OPT
2026-01-01 09:30:00,2026-01-01,9,False,-312.57,32.03,0.0,100.0,89.29,0.0,0.0,0.0,0.0,25.5,0.0,False,S1
2026-01-01 09:30:00,2026-01-01,9,False,-312.57,32.03,0.0,100.0,89.29,0.0,0.0,0.0,0.0,25.5,0.0,False,S2
2026-01-01 09:30:00,2026-01-01,9,False,-312.57,32.03,0.0,100.0,89.29,0.0,0.0,0.0,0.0,25.5,0.0,False,S_BE_OPT
2026-01-01 09:45:00,2026-01-01,9,False,-275.88,62.85,0.0,100.0,90.78,0.0,0.0,0.0,0.0,25.5,0.0,False,S1
2026-01-01 09:45:00,2026-01-01,9,False,-275.88,62.85,0.0,100.0,90.78,0.0,0.0,0.0,0.0,25.5,0.0,False,S2
2026-01-01 09:45:00,2026-01-01,9,False,-275.88,62.85,0.0,100.0,90.78,0.0,0.0,0.0,0.0,25.5,0.0,False,S_BE_OPT
2026-01-01 10:00:00,2026-01-01,10,False,-379.06,54.73,0.0,100.0,92.62,0.0,0.0,0.0,0.0,25.5,0.0,False,S1
2026-01-01 10:00:00,2026-01-01,10,False,-379.06,54.73,0.0,100.0,92.62,0.0,0.0,0.0,0.0,25.5,0.0,False,S2
2026-01-01 10:00:00,2026-01-01,10,False,-379.06,54.73,0.0,100.0,92.62,0.0,0.0,0.0,0.0,25.5,0.0,False,S_BE_OPT
2026-01-01 10:15:00,2026-01-01,10,False,-427.71,63.14,0.0,100.0,92.17,0.0,0.0,0.0,0.0,25.5,0.0,False,S1
2026-01-01 10:15:00,2026-01-01,10,False,-427.71,63.14,0.0,100.0,92.17,0.0,0.0,0.0,0.0,25.5,0.0,False,S2
2026-01-01 10:15:00,2026-01-01,10,False,-427.71,63.14,0.0,100.0,92.17,0.0,0.0,0.0,0.0,25.5,0.0,False,S_BE_OPT
2026-01-01 10:30:00,2026-01-01,10,False,-320.7,76.79,0.0,100.0,93.13,0.0,0.0,0.0,0.0,25.5,0.0,False,S1
2026-01-01 10:30:00,2026-01-01,10,False,-320.7,76.79,0.0,100.0,93.13,0.0,0.0,0.0,0.0,25.5,0.0,False,S2
2026-01-01 10:30:00,2026-01-01,10,False,-320.7,76.79,0.0,100.0,93.13,0.0,0.0,0.0,0.0,25.5,0.0,False,S_BE_OPT
2026-01-01 10:45:00,2026-01-01,10,False,-212.5,77.42,0.0,100.0,92.16,0.0,0.0,0.0,0.0,25.5,0.0,False,S1
2026-01-01 10:45:00,2026-01-01,10,False,-212.5,77.42,0.0,100.0,92.16,0.0,0.0,0.0,0.0,25.5,0.0,False,S2
2026-01-01 10:45:00,2026-01-01,10,False,-212.5,77.42,0.0,100.0,92.16,0.0,0.0,0.0,0.0,25.5,0.0,False,S_BE_OPT
2026-01-01 11:00:00,2026-01-01,11,False,-264.82,77.43,0.0,100.0,92.26,0.0,0.0,0.0,0.0,25.5,0.0,False,S1
2026-01-01 11:00:00,2026-01-01,11,False,-264.82,77.43,0.0,100.0,92.26,0.0,0.0,0.0,0.0,25.5,0.0,False,S2
2026-01-01 11:00:00,2026-01-01,11,False,-264.82,77.43,0.0,100.0,92.26,0.0,0.0,0.0,0.0,25.5,0.0,False,S_BE_OPT
2026-01-01 11:15:00,2026-01-01,11,False,-190.97,76.03,0.0,100.0,92.36,0.0,0.0,0.0,0.0,25.5,0.0,False,S1
2026-01-01 11:15:00,2026-01-01,11,False,-190.97,76.03,0.0,100.0,92.36,0.0,0.0,0.0,0.0,25.5,0.0,False,S2
2026-01-01 11:15:00,2026-01-01,11,False,-190.97,76.03,0.0,100.0,92.36,0.0,0.0,0.0,0.0,25.5,0.0,False,S_BE_OPT
2026-01-01 11:30:00,2026-01-01,11,False,-152.75,75.03,0.0,100.0,92.27,0.0,0.0,0.0,0.0,25.5,0.0,False,S1
2026-01-01 11:30:00,2026-01-01,11,False,-152.75,75.03,0.0,100.0,92.27,0.0,0.0,0.0,0.0,25.5,0.0,False,S2
2026-01-01 11:30:00,2026-01-01,11,False,-152.75,75.03,0.0,100.0,92.27,0.0,0.0,0.0,0.0,25.5,0.0,False,S_BE_OPT
2026-01-01 11:45:00,2026-01-01,11,False,-111.96,75.03,0.0,100.0,92.23,0.0,0.0,0.0,0.0,25.5,0.0,False,S1
2026-01-01 11:45:00,2026-01-01,11,False,-111.96,75.03,0.0,100.0,92.23,0.0,0.0,0.0,0.0,25.5,0.0,False,S2
2026-01-01 11:45:00,2026-01-01,11,False,-111.96,75.03,0.0,100.0,92.23,0.0,0.0,0.0,0.0,25.5,0.0,False,S_BE_OPT
2026-01-01 12:00:00,2026-01-01,12,False,-284.2,76.73,0.0,100.0,90.15,0.0,0.0,0.0,0.0,25.5,0.0,False,S1
2026-01-01 12:00:00,2026-01-01,12,False,-284.2,76.73,0.0,100.0,90.15,0.0,0.0,0.0,0.0,25.5,0.0,False,S2
2026-01-01 12:00:00,2026-01-01,12,False,-284.2,76.73,0.0,100.0,90.15,0.0,0.0,0.0,0.0,25.5,0.0,False,S_BE_OPT
2026-01-01 12:15:00,2026-01-01,12,False,-157.42,85.16,0.0,100.0,89.92,0.0,0.0,0.0,0.0,25.5,0.0,False,S1
2026-01-01 12:15:00,2026-01-01,12,False,-157.42,85.16,0.0,100.0,89.92,0.0,0.0,0.0,0.0,25.5,0.0,False,S2
2026-01-01 12:15:00,2026-01-01,12,False,-157.42,85.16,0.0,100.0,89.92,0.0,0.0,0.0,0.0,25.5,0.0,False,S_BE_OPT
2026-01-01 12:30:00,2026-01-01,12,False,-155.23,96.93,0.0,100.0,91.88,0.0,0.0,0.0,0.0,25.5,0.0,False,S1
2026-01-01 12:30:00,2026-01-01,12,False,-155.23,96.93,0.0,100.0,91.88,0.0,0.0,0.0,0.0,25.5,0.0,False,S2
2026-01-01 12:30:00,2026-01-01,12,False,-155.23,96.93,0.0,100.0,91.88,0.0,0.0,0.0,0.0,25.5,0.0,False,S_BE_OPT
2026-01-01 12:45:00,2026-01-01,12,False,-21.18,102.53,0.0,100.0,90.92,0.0,0.0,0.0,0.0,25.5,0.0,False,S1
2026-01-01 12:45:00,2026-01-01,12,False,-21.18,102.53,0.0,100.0,90.92,0.0,0.0,0.0,0.0,25.5,0.0,False,S2
2026-01-01 12:45:00,2026-01-01,12,False,-21.18,102.53,0.0,100.0,90.92,0.0,0.0,0.0,0.0,25.5,0.0,False,S_BE_OPT
2026-01-01 13:00:00,2026-01-01,13,False,-49.19,102.53,0.0,100.0,93.05,0.0,0.0,0.0,0.0,25.5,0.0,False,S1
2026-01-01 13:00:00,2026-01-01,13,False,-49.19,102.53,0.0,100.0,93.05,0.0,0.0,0.0,0.0,25.5,0.0,False,S2
2026-01-01 13:00:00,2026-01-01,13,False,-49.19,102.53,0.0,100.0,93.05,0.0,0.0,0.0,0.0,25.5,0.0,False,S_BE_OPT
2026-01-01 13:15:00,2026-01-01,13,False,-25.69,102.53,0.0,100.0,92.68,0.0,0.0,0.0,0.0,25.5,0.0,False,S1
2026-01-01 13:15:00,2026-01-01,13,False,-25.69,102.53,0.0,100.0,92.68,0.0,0.0,0.0,0.0,25.5,0.0,False,S2
2026-01-01 13:15:00,2026-01-01,13,False,-25.69,102.53,0.0,100.0,92.68,0.0,0.0,0.0,0.0,25.5,0.0,False,S_BE_OPT
2026-01-01 13:30:00,2026-01-01,13,False,-65.51,102.53,0.0,100.0,93.9,0.0,0.0,0.0,0.0,25.5,0.0,False,S1
2026-01-01 13:30:00,2026-01-01,13,False,-65.51,102.53,0.0,100.0,93.9,0.0,0.0,0.0,0.0,25.5,0.0,False,S2
2026-01-01 13:30:00,2026-01-01,13,False,-65.51,102.53,0.0,100.0,93.9,0.0,0.0,0.0,0.0,25.5,0.0,False,S_BE_OPT
2026-01-01 13:45:00,2026-01-01,13,False,-29.35,94.23,0.0,100.0,92.69,0.0,0.0,0.0,0.0,25.5,0.0,False,S1
2026-01-01 13:45:00,2026-01-01,13,False,-29.35,94.23,0.0,100.0,92.69,0.0,0.0,0.0,0.0,25.5,0.0,False,S2
2026-01-01 13:45:00,2026-01-01,13,False,-29.35,94.23,0.0,100.0,92.69,0.0,0.0,0.0,0.0,25.5,0.0,False,S_BE_OPT
2026-01-01 14:00:00,2026-01-01,14,False,-82.02,82.5,0.0,100.0,91.8,0.0,0.0,0.0,0.0,25.5,0.0,False,S1
2026-01-01 14:00:00,2026-01-01,14,False,-82.02,82.5,0.0,100.0,91.8,0.0,0.0,0.0,0.0,25.5,0.0,False,S2
2026-01-01 14:00:00,2026-01-01,14,False,-82.02,82.5,0.0,100.0,91.8,0.0,0.0,0.0,0.0,25.5,0.0,False,S_BE_OPT
2026-01-01 14:15:00,2026-01-01,14,False,-93.08,70.05,0.0,100.0,88.86,0.0,0.0,0.0,0.0,25.5,0.0,False,S1
2026-01-01 14:15:00,2026-01-01,14,False,-93.08,70.05,0.0,100.0,88.86,0.0,0.0,0.0,0.0,25.5,0.0,False,S2
2026-01-01 14:15:00,2026-01-01,14,False,-93.08,70.05,0.0,100.0,88.86,0.0,0.0,0.0,0.0,25.5,0.0,False,S_BE_OPT
2026-01-01 14:30:00,2026-01-01,14,False,-185.02,59.44,0.0,99.29,86.46,0.0,0.0,0.0,0.0,25.5,0.0,False,S1
2026-01-01 14:30:00,2026-01-01,14,False,-185.02,59.44,0.0,99.29,86.46,0.0,0.0,0.0,0.0,25.5,0.0,False,S2
2026-01-01 14:30:00,2026-01-01,14,False,-185.02,59.44,0.0,99.29,86.46,0.0,0.0,0.0,0.0,25.5,0.0,False,S_BE_OPT
2026-01-01 14:45:00,2026-01-01,14,False,-117.56,59.04,0.0,98.95,91.02,0.0,0.0,0.0,0.0,25.5,0.0,False,S1
2026-01-01 14:45:00,2026-01-01,14,False,-117.56,59.04,0.0,98.95,91.02,0.0,0.0,0.0,0.0,25.5,0.0,False,S2
2026-01-01 14:45:00,2026-01-01,14,False,-117.56,59.04,0.0,98.95,91.02,0.0,0.0,0.0,0.0,25.5,0.0,False,S_BE_OPT
2026-01-01 15:00:00,2026-01-01,15,False,-204.65,51.76,0.0,100.0,85.46,0.0,0.0,0.0,0.0,25.5,0.0,False,S1
2026-01-01 15:00:00,2026-01-01,15,False,-204.65,51.76,0.0,100.0,85.46,0.0,0.0,0.0,0.0,25.5,0.0,False,S2
2026-01-01 15:00:00,2026-01-01,15,False,-204.65,51.76,0.0,100.0,85.46,0.0,0.0,0.0,0.0,25.5,0.0,False,S_BE_OPT
2026-01-01 15:15:00,2026-01-01,15,False,-162.57,51.71,0.0,99.26,85.5,0.0,0.0,0.0,0.0,25.5,0.0,False,S1
2026-01-01 15:15:00,2026-01-01,15,False,-162.57,51.71,0.0,99.26,85.5,0.0,0.0,0.0,0.0,25.5,0.0,False,S2
2026-01-01 15:15:00,2026-01-01,15,False,-162.57,51.71,0.0,99.26,85.5,0.0,0.0,0.0,0.0,25.5,0.0,False,S_BE_OPT
2026-01-01 15:30:00,2026-01-01,15,False,-207.1,65.66,0.0,100.0,83.69,0.0,0.0,0.0,0.0,25.5,0.0,False,S1
2026-01-01 15:30:00,2026-01-01,15,False,-207.1,65.66,0.0,100.0,83.69,0.0,0.0,0.0,0.0,25.5,0.0,False,S2
2026-01-01 15:30:00,2026-01-01,15,False,-207.1,65.66,0.0,100.0,83.69,0.0,0.0,0.0,0.0,25.5,0.0,False,S_BE_OPT
2026-01-01 15:45:00,2026-01-01,15,False,-252.37,63.86,0.0,98.88,81.88,0.0,0.0,0.0,0.0,25.5,0.0,False,S1
2026-01-01 15:45:00,2026-01-01,15,False,-252.37,63.86,0.0,98.88,81.88,0.0,0.0,0.0,0.0,25.5,0.0,False,S2
2026-01-01 15:45:00,2026-01-01,15,False,-252.37,63.86,0.0,98.88,81.88,0.0,0.0,0.0,0.0,25.5,0.0,False,S_BE_OPT
2026-01-01 16:00:00,2026-01-01,16,False,126.73,45.2,0.0,99.0,83.95,0.0,0.0,0.0,0.0,25.5,0.0,False,S1
2026-01-01 16:00:00,2026-01-01,16,False,126.73,45.2,0.0,99.0,83.95,0.0,0.0,0.0,0.0,25.5,0.0,False,S2
2026-01-01 16:00:00,2026-01-01,16,False,126.73,45.2,0.0,99.0,83.95,0.0,0.0,0.0,0.0,25.5,0.0,False,S_BE_OPT
2026-01-01 16:15:00,2026-01-01,16,False,107.43,59.07,0.0,98.52,81.6,0.0,0.0,0.0,0.0,25.5,0.0,False,S1
2026-01-01 16:15:00,2026-01-01,16,False,107.43,59.07,0.0,98.52,81.6,0.0,0.0,0.0,0.0,25.5,0.0,False,S2
2026-01-01 16:15:00,2026-01-01,16,False,107.43,59.07,0.0,98.52,81.6,0.0,0.0,0.0,0.0,25.5,0.0,False,S_BE_OPT
2026-01-01 16:30:00,2026-01-01,16,False,195.25,69.85,0.0,99.34,81.27,0.0,0.0,0.0,0.0,25.5,0.0,False,S1
2026-01-01 16:30:00,2026-01-01,16,False,195.25,69.85,0.0,99.34,81.27,0.0,0.0,0.0,0.0,25.5,0.0,False,S2
2026-01-01 16:30:00,2026-01-01,16,False,195.25,69.85,0.0,99.34,81.27,0.0,0.0,0.0,0.0,25.5,0.0,False,S_BE_OPT
2026-01-01 16:45:00,2026-01-01,16,False,213.66,69.85,0.0,97.54,81.3,0.0,0.0,0.0,0.0,25.5,0.0,False,S1
2026-01-01 16:45:00,2026-01-01,16,False,213.66,69.85,0.0,97.54,81.3,0.0,0.0,0.0,0.0,25.5,0.0,False,S2
2026-01-01 16:45:00,2026-01-01,16,False,213.66,69.85,0.0,97.54,81.3,0.0,0.0,0.0,0.0,25.5,0.0,False,S_BE_OPT
2026-01-01 17:00:00,2026-01-01,17,False,282.99,66.98,0.0,98.22,79.74,0.0,0.0,0.0,0.0,25.5,0.0,False,S1
2026-01-01 17:00:00,2026-01-01,17,False,282.99,66.98,0.0,98.22,79.74,0.0,0.0,0.0,0.0,25.5,0.0,False,S2
2026-01-01 17:00:00,2026-01-01,17,False,282.99,66.98,0.0,98.22,79.74,0.0,0.0,0.0,0.0,25.5,0.0,False,S_BE_OPT
2026-01-01 17:15:00,2026-01-01,17,False,71.14,66.98,0.0,97.21,79.51,0.0,0.0,0.0,0.0,25.5,0.0,False,S1
2026-01-01 17:15:00,2026-01-01,17,False,71.14,66.98,0.0,97.21,79.51,0.0,0.0,0.0,0.0,25.5,0.0,False,S2
2026-01-01 17:15:00,2026-01-01,17,False,71.14,66.98,0.0,97.21,79.51,0.0,0.0,0.0,0.0,25.5,0.0,False,S_BE_OPT
2026-01-01 17:30:00,2026-01-01,17,False,169.24,75.44,0.0,96.97,79.74,0.0,0.0,0.0,0.0,25.5,0.0,False,S1
2026-01-01 17:30:00,2026-01-01,17,False,169.24,75.44,0.0,96.97,79.74,0.0,0.0,0.0,0.0,25.5,0.0,False,S2
2026-01-01 17:30:00,2026-01-01,17,False,169.24,75.44,0.0,96.97,79.74,0.0,0.0,0.0,0.0,25.5,0.0,False,S_BE_OPT
2026-01-01 17:45:00,2026-01-01,17,False,100.88,95.58,0.0,96.77,80.4,0.0,0.0,0.0,0.0,25.5,0.0,False,S1
2026-01-01 17:45:00,2026-01-01,17,False,100.88,95.58,0.0,96.77,80.4,0.0,0.0,0.0,0.0,25.5,0.0,False,S2
2026-01-01 17:45:00,2026-01-01,17,False,100.88,95.58,0.0,96.77,80.4,0.0,0.0,0.0,0.0,25.5,0.0,False,S_BE_OPT
2026-01-01 18:00:00,2026-01-01,18,False,123.88,95.58,0.0,97.36,79.7,1.875,0.0,0.0,0.0,23.625,0.0,False,S1
2026-01-01 18:00:00,2026-01-01,18,False,123.88,95.58,0.0,97.36,79.7,1.875,0.0,0.0,0.0,23.625,0.0,False,S2
2026-01-01 18:00:00,2026-01-01,18,False,123.88,95.58,0.0,97.36,79.7,1.875,0.0,0.0,0.0,23.625,0.0,False,S_BE_OPT
2026-01-01 18:15:00,2026-01-01,18,False,62.69,95.58,0.0,97.35,71.91,1.875,0.0,0.0,0.0,21.75,0.0,False,S1
2026-01-01 18:15:00,2026-01-01,18,False,62.69,95.58,0.0,97.35,71.91,1.875,0.0,0.0,0.0,21.75,0.0,False,S2
2026-01-01 18:15:00,2026-01-01,18,False,62.69,95.58,0.0,97.35,71.91,1.875,0.0,0.0,0.0,21.75,0.0,False,S_BE_OPT
2026-01-01 18:30:00,2026-01-01,18,False,57.0,95.58,0.0,97.36,66.98,1.875,0.0,0.0,0.0,19.875,0.0,False,S1
2026-01-01 18:30:00,2026-01-01,18,False,57.0,95.58,0.0,97.36,66.98,1.875,0.0,0.0,0.0,19.875,0.0,False,S2
2026-01-01 18:30:00,2026-01-01,18,False,57.0,95.58,0.0,97.36,66.98,1.875,0.0,0.0,0.0,19.875,0.0,False,S_BE_OPT
2026-01-01 18:45:00,2026-01-01,18,False,49.11,95.58,0.0,96.88,64.18,1.875,0.0,0.0,0.0,18.0,0.0,False,S1
2026-01-01 18:45:00,2026-01-01,18,False,49.11,95.58,0.0,96.88,64.18,1.875,0.0,0.0,0.0,18.0,0.0,False,S2
2026-01-01 18:45:00,2026-01-01,18,False,49.11,95.58,0.0,96.88,64.18,1.875,0.0,0.0,0.0,18.0,0.0,False,S_BE_OPT
2026-01-01 19:00:00,2026-01-01,19,False,-38.46,122.55,0.0,98.59,60.82,0.0,0.0,0.0,0.0,18.0,0.0,False,S1
2026-01-01 19:00:00,2026-01-01,19,False,-38.46,122.55,0.0,98.59,60.82,0.0,0.0,0.0,0.0,18.0,0.0,False,S2
2026-01-01 19:00:00,2026-01-01,19,False,-38.46,122.55,0.0,98.59,60.82,0.0,0.0,0.0,0.0,18.0,0.0,False,S_BE_OPT
2026-01-01 19:15:00,2026-01-01,19,False,33.55,108.24,0.0,98.6,63.93,0.0,0.0,0.0,0.0,18.0,0.0,False,S1
2026-01-01 19:15:00,2026-01-01,19,False,33.55,108.24,0.0,98.6,63.93,0.0,0.0,0.0,0.0,18.0,0.0,False,S2
2026-01-01 19:15:00,2026-01-01,19,False,33.55,108.24,0.0,98.6,63.93,0.0,0.0,0.0,0.0,18.0,0.0,False,S_BE_OPT
2026-01-01 19:30:00,2026-01-01,19,False,81.12,73.34,0.0,98.6,67.7,0.0,0.0,0.0,0.0,18.0,0.0,False,S1
2026-01-01 19:30:00,2026-01-01,19,False,81.12,73.34,0.0,98.6,67.7,0.0,0.0,0.0,0.0,18.0,0.0,False,S2
2026-01-01 19:30:00,2026-01-01,19,False,81.12,73.34,0.0,98.6,67.7,0.0,0.0,0.0,0.0,18.0,0.0,False,S_BE_OPT
2026-01-01 19:45:00,2026-01-01,19,False,200.66,73.34,0.0,97.85,66.99,0.0,0.0,0.0,0.0,18.0,0.0,False,S1
2026-01-01 19:45:00,2026-01-01,19,False,200.66,73.34,0.0,97.85,66.99,0.0,0.0,0.0,0.0,18.0,0.0,False,S2
2026-01-01 19:45:00,2026-01-01,19,False,200.66,73.34,0.0,97.85,66.99,0.0,0.0,0.0,0.0,18.0,0.0,False,S_BE_OPT
2026-01-01 20:00:00,2026-01-01,20,False,31.95,68.88,0.0,99.02,67.56,0.0,0.0,0.0,0.0,18.0,0.0,False,S1
2026-01-01 20:00:00,2026-01-01,20,False,31.95,68.88,0.0,99.02,67.56,0.0,0.0,0.0,0.0,18.0,0.0,False,S2
2026-01-01 20:00:00,2026-01-01,20,False,31.95,68.88,0.0,99.02,67.56,0.0,0.0,0.0,0.0,18.0,0.0,False,S_BE_OPT
2026-01-01 20:15:00,2026-01-01,20,False,81.04,68.88,0.0,99.75,66.52,0.0,0.0,0.0,0.0,18.0,0.0,False,S1
2026-01-01 20:15:00,2026-01-01,20,False,81.04,68.88,0.0,99.75,66.52,0.0,0.0,0.0,0.0,18.0,0.0,False,S2
2026-01-01 20:15:00,2026-01-01,20,False,81.04,68.88,0.0,99.75,66.52,0.0,0.0,0.0,0.0,18.0,0.0,False,S_BE_OPT
2026-01-01 20:30:00,2026-01-01,20,False,161.96,64.49,0.0,99.5,66.28,0.0,0.0,0.0,0.0,18.0,0.0,False,S1
2026-01-01 20:30:00,2026-01-01,20,False,161.96,64.49,0.0,99.5,66.28,0.0,0.0,0.0,0.0,18.0,0.0,False,S2
2026-01-01 20:30:00,2026-01-01,20,False,161.96,64.49,0.0,99.5,66.28,0.0,0.0,0.0,0.0,18.0,0.0,False,S_BE_OPT
2026-01-01 20:45:00,2026-01-01,20,False,189.98,64.49,0.0,99.0,67.88,0.0,0.0,0.0,0.0,18.0,0.0,False,S1
2026-01-01 20:45:00,2026-01-01,20,False,189.98,64.49,0.0,99.0,67.88,0.0,0.0,0.0,0.0,18.0,0.0,False,S2
2026-01-01 20:45:00,2026-01-01,20,False,189.98,64.49,0.0,99.0,67.88,0.0,0.0,0.0,0.0,18.0,0.0,False,S_BE_OPT
2026-01-01 21:00:00,2026-01-01,21,False,70.07,63.49,0.0,100.0,63.86,0.0,0.0,0.0,0.0,18.0,0.0,False,S1
2026-01-01 21:00:00,2026-01-01,21,False,70.07,63.49,0.0,100.0,63.86,0.0,0.0,0.0,0.0,18.0,0.0,False,S2
2026-01-01 21:00:00,2026-01-01,21,False,70.07,63.49,0.0,100.0,63.86,0.0,0.0,0.0,0.0,18.0,0.0,False,S_BE_OPT
2026-01-01 21:15:00,2026-01-01,21,False,143.54,97.93,0.0,99.34,65.57,0.0,0.0,0.0,0.0,18.0,0.0,False,S1
2026-01-01 21:15:00,2026-01-01,21,False,143.54,97.93,0.0,99.34,65.57,0.0,0.0,0.0,0.0,18.0,0.0,False,S2
2026-01-01 21:15:00,2026-01-01,21,False,143.54,97.93,0.0,99.34,65.57,0.0,0.0,0.0,0.0,18.0,0.0,False,S_BE_OPT
2026-01-01 21:30:00,2026-01-01,21,False,65.46,97.93,0.0,98.66,67.37,0.0,0.0,0.0,0.0,18.0,0.0,False,S1
2026-01-01 21:30:00,2026-01-01,21,False,65.46,97.93,0.0,98.66,67.37,0.0,0.0,0.0,0.0,18.0,0.0,False,S2
2026-01-01 21:30:00,2026-01-01,21,False,65.46,97.93,0.0,98.66,67.37,0.0,0.0,0.0,0.0,18.0,0.0,False,S_BE_OPT
2026-01-01 21:45:00,2026-01-01,21,False,158.99,58.14,0.0,98.66,66.14,0.0,0.0,0.0,0.0,18.0,0.0,False,S1
2026-01-01 21:45:00,2026-01-01,21,False,158.99,58.14,0.0,98.66,66.14,0.0,0.0,0.0,0.0,18.0,0.0,False,S2
2026-01-01 21:45:00,2026-01-01,21,False,158.99,58.14,0.0,98.66,66.14,0.0,0.0,0.0,0.0,18.0,0.0,False,S_BE_OPT
2026-01-01 22:00:00,2026-01-01,22,False,-214.09,99.39,0.0,98.39,65.41,0.0,0.0,0.0,0.0,18.0,0.0,False,S1
2026-01-01 22:00:00,2026-01-01,22,False,-214.09,99.39,0.0,98.39,65.41,0.0,0.0,0.0,0.0,18.0,0.0,False,S2
2026-01-01 22:00:00,2026-01-01,22,False,-214.09,99.39,0.0,98.39,65.41,0.0,0.0,0.0,0.0,18.0,0.0,False,S_BE_OPT
2026-01-01 22:15:00,2026-01-01,22,False,-74.74,105.41,0.0,98.7,64.72,0.0,0.0,0.0,0.0,18.0,0.0,False,S1
2026-01-01 22:15:00,2026-01-01,22,False,-74.74,105.41,0.0,98.7,64.72,0.0,0.0,0.0,0.0,18.0,0.0,False,S2
2026-01-01 22:15:00,2026-01-01,22,False,-74.74,105.41,0.0,98.7,64.72,0.0,0.0,0.0,0.0,18.0,0.0,False,S_BE_OPT
2026-01-01 22:30:00,2026-01-01,22,False,-196.69,108.71,0.0,98.71,65.28,0.0,0.0,0.0,0.0,18.0,0.0,False,S1
2026-01-01 22:30:00,2026-01-01,22,False,-196.69,108.71,0.0,98.71,65.28,0.0,0.0,0.0,0.0,18.0,0.0,False,S2
2026-01-01 22:30:00,2026-01-01,22,False,-196.69,108.71,0.0,98.71,65.28,0.0,0.0,0.0,0.0,18.0,0.0,False,S_BE_OPT
2026-01-01 22:45:00,2026-01-01,22,False,-27.84,112.66,0.0,98.67,62.15,0.0,0.0,0.0,0.0,18.0,0.0,False,S1
2026-01-01 22:45:00,2026-01-01,22,False,-27.84,112.66,0.0,98.67,62.15,0.0,0.0,0.0,0.0,18.0,0.0,False,S2
2026-01-01 22:45:00,2026-01-01,22,False,-27.84,112.66,0.0,98.67,62.15,0.0,0.0,0.0,0.0,18.0,0.0,False,S_BE_OPT
2026-01-01 23:00:00,2026-01-01,23,False,-96.35,109.86,0.0,99.34,62.82,0.0,0.0,0.0,0.0,18.0,0.0,False,S1
2026-01-01 23:00:00,2026-01-01,23,False,-96.35,109.86,0.0,99.34,62.82,0.0,0.0,0.0,0.0,18.0,0.0,False,S2
2026-01-01 23:00:00,2026-01-01,23,False,-96.35,109.86,0.0,99.34,62.82,0.0,0.0,0.0,0.0,18.0,0.0,False,S_BE_OPT
2026-01-01 23:15:00,2026-01-01,23,False,37.09,50.7,0.0,100.0,64.31,0.0,0.0,0.0,0.0,18.0,0.0,False,S1
2026-01-01 23:15:00,2026-01-01,23,False,37.09,50.7,0.0,100.0,64.31,0.0,0.0,0.0,0.0,18.0,0.0,False,S2
2026-01-01 23:15:00,2026-01-01,23,False,37.09,50.7,0.0,100.0,64.31,0.0,0.0,0.0,0.0,18.0,0.0,False,S_BE_OPT
2026-01-01 23:30:00,2026-01-01,23,False,-23.92,101.45,0.0,100.0,62.98,0.0,0.0,0.0,0.0,18.0,0.0,False,S1
2026-01-01 23:30:00,2026-01-01,23,False,-23.92,101.45,0.0,100.0,62.98,0.0,0.0,0.0,0.0,18.0,0.0,False,S2
2026-01-01 23:30:00,2026-01-01,23,False,-23.92,101.45,0.0,100.0,62.98,0.0,0.0,0.0,0.0,18.0,0.0,False,S_BE_OPT
2026-01-01 23:45:00,2026-01-01,23,False,354.5,17.52,0.0,100.0,63.22,0.0,0.0,0.0,0.0,18.0,0.0,False,S1
2026-01-01 23:45:00,2026-01-01,23,False,354.5,17.52,0.0,100.0,63.22,0.0,0.0,0.0,0.0,18.0,0.0,False,S2
2026-01-01 23:45:00,2026-01-01,23,False,354.5,17.52,0.0,100.0,63.22,0.0,0.0,0.0,0.0,18.0,0.0,False,S_BE_OPT
2026-01-02,2026-01-02,0,False,259.01,17.55,0.0,98.55,61.73,0.0,0.0,0.0,0.0,18.0,0.0,False,S1
2026-01-02,2026-01-02,0,False,259.01,17.55,0.0,98.55,61.73,0.0,0.0,0.0,0.0,18.0,0.0,False,S2
2026-01-02,2026-01-02,0,False,259.01,17.55,0.0,98.55,61.73,0.0,0.0,0.0,0.0,18.0,0.0,False,S_BE_OPT
2026-01-02 00:15:00,2026-01-02,0,False,244.62,17.37,0.0,98.54,64.64,0.0,0.0,0.0,0.0,18.0,0.0,False,S1
2026-01-02 00:15:00,2026-01-02,0,False,244.62,17.37,0.0,98.54,64.64,0.0,0.0,0.0,0.0,18.0,0.0,False,S2
2026-01-02 00:15:00,2026-01-02,0,False,244.62,17.37,0.0,98.54,64.64,0.0,0.0,0.0,0.0,18.0,0.0,False,S_BE_OPT
2026-01-02 00:30:00,2026-01-02,0,False,168.51,14.09,0.0,97.11,64.92,0.0,0.0,0.0,0.0,18.0,0.0,False,S1
2026-01-02 00:30:00,2026-01-02,0,False,168.51,14.09,0.0,97.11,64.92,0.0,0.0,0.0,0.0,18.0,0.0,False,S2
2026-01-02 00:30:00,2026-01-02,0,False,168.51,14.09,0.0,97.11,64.92,0.0,0.0,0.0,0.0,18.0,0.0,False,S_BE_OPT
2026-01-02 00:45:00,2026-01-02,0,False,83.2,13.94,0.0,100.0,66.77,0.0,0.0,0.0,0.0,18.0,0.0,False,S1
2026-01-02 00:45:00,2026-01-02,0,False,83.2,13.94,0.0,100.0,66.77,0.0,0.0,0.0,0.0,18.0,0.0,False,S2
2026-01-02 00:45:00,2026-01-02,0,False,83.2,13.94,0.0,100.0,66.77,0.0,0.0,0.0,0.0,18.0,0.0,False,S_BE_OPT
2026-01-02 01:00:00,2026-01-02,1,False,-5.47,34.29,0.0,99.33,69.94,0.0,0.0,0.0,0.0,18.0,0.0,False,S1
2026-01-02 01:00:00,2026-01-02,1,False,-5.47,34.29,0.0,99.33,69.94,0.0,0.0,0.0,0.0,18.0,0.0,False,S2
2026-01-02 01:00:00,2026-01-02,1,False,-5.47,34.29,0.0,99.33,69.94,0.0,0.0,0.0,0.0,18.0,0.0,False,S_BE_OPT
2026-01-02 01:15:00,2026-01-02,1,False,87.4,75.91,0.0,100.0,69.31,0.0,0.0,0.0,0.0,18.0,0.0,False,S1
2026-01-02 01:15:00,2026-01-02,1,False,87.4,75.91,0.0,100.0,69.31,0.0,0.0,0.0,0.0,18.0,0.0,False,S2
2026-01-02 01:15:00,2026-01-02,1,False,87.4,75.91,0.0,100.0,69.31,0.0,0.0,0.0,0.0,18.0,0.0,False,S_BE_OPT
2026-01-02 01:30:00,2026-01-02,1,False,28.26,75.91,0.0,100.0,69.99,0.0,0.0,0.0,0.0,18.0,0.0,False,S1
2026-01-02 01:30:00,2026-01-02,1,False,28.26,75.91,0.0,100.0,69.99,0.0,0.0,0.0,0.0,18.0,0.0,False,S2
2026-01-02 01:30:00,2026-01-02,1,False,28.26,75.91,0.0,100.0,69.99,0.0,0.0,0.0,0.0,18.0,0.0,False,S_BE_OPT
2026-01-02 01:45:00,2026-01-02,1,False,102.57,17.91,0.0,100.0,69.86,0.0,0.0,0.0,0.0,18.0,0.0,False,S1
2026-01-02 01:45:00,2026-01-02,1,False,102.57,17.91,0.0,100.0,69.86,0.0,0.0,0.0,0.0,18.0,0.0,False,S2
2026-01-02 01:45:00,2026-01-02,1,False,102.57,17.91,0.0,100.0,69.86,0.0,0.0,0.0,0.0,18.0,0.0,False,S_BE_OPT
2026-01-02 02:00:00,2026-01-02,2,False,130.09,29.88,0.0,100.0,72.45,0.0,0.0,0.0,0.0,18.0,0.0,False,S1
2026-01-02 02:00:00,2026-01-02,2,False,130.09,29.88,0.0,100.0,72.45,0.0,0.0,0.0,0.0,18.0,0.0,False,S2
2026-01-02 02:00:00,2026-01-02,2,False,130.09,29.88,0.0,100.0,72.45,0.0,0.0,0.0,0.0,18.0,0.0,False,S_BE_OPT
2026-01-02 02:15:00,2026-01-02,2,False,225.89,29.88,0.0,100.0,76.29,0.0,0.0,0.0,0.0,18.0,0.0,False,S1
2026-01-02 02:15:00,2026-01-02,2,False,225.89,29.88,0.0,100.0,76.29,0.0,0.0,0.0,0.0,18.0,0.0,False,S2
2026-01-02 02:15:00,2026-01-02,2,False,225.89,29.88,0.0,100.0,76.29,0.0,0.0,0.0,0.0,18.0,0.0,False,S_BE_OPT
2026-01-02 02:30:00,2026-01-02,2,False,119.82,13.04,0.0,100.0,76.93,0.0,0.0,0.0,0.0,18.0,0.0,False,S1
2026-01-02 02:30:00,2026-01-02,2,False,119.82,13.04,0.0,100.0,76.93,0.0,0.0,0.0,0.0,18.0,0.0,False,S2
2026-01-02 02:30:00,2026-01-02,2,False,119.82,13.04,0.0,100.0,76.93,0.0,0.0,0.0,0.0,18.0,0.0,False,S_BE_OPT
2026-01-02 02:45:00,2026-01-02,2,False,241.06,13.04,0.0,99.59,77.31,0.0,0.0,0.0,0.0,18.0,0.0,False,S1
2026-01-02 02:45:00,2026-01-02,2,False,241.06,13.04,0.0,99.59,77.31,0.0,0.0,0.0,0.0,18.0,0.0,False,S2
2026-01-02 02:45:00,2026-01-02,2,False,241.06,13.04,0.0,99.59,77.31,0.0,0.0,0.0,0.0,18.0,0.0,False,S_BE_OPT
2026-01-02 03:00:00,2026-01-02,3,False,323.84,23.83,0.0,99.61,76.54,0.0,0.0,0.0,0.0,18.0,0.0,False,S1
2026-01-02 03:00:00,2026-01-02,3,False,323.84,23.83,0.0,99.61,76.54,0.0,0.0,0.0,0.0,18.0,0.0,False,S2
2026-01-02 03:00:00,2026-01-02,3,False,323.84,23.83,0.0,99.61,76.54,0.0,0.0,0.0,0.0,18.0,0.0,False,S_BE_OPT
2026-01-02 03:15:00,2026-01-02,3,False,254.48,11.82,0.0,100.0,78.3,0.0,0.0,0.0,0.0,18.0,0.0,False,S1
2026-01-02 03:15:00,2026-01-02,3,False,254.48,11.82,0.0,100.0,78.3,0.0,0.0,0.0,0.0,18.0,0.0,False,S2
2026-01-02 03:15:00,2026-01-02,3,False,254.48,11.82,0.0,100.0,78.3,0.0,0.0,0.0,0.0,18.0,0.0,False,S_BE_OPT
2026-01-02 03:30:00,2026-01-02,3,False,176.21,8.55,0.0,100.0,77.36,0.0,0.0,0.0,0.0,18.0,0.0,False,S1
2026-01-02 03:30:00,2026-01-02,3,False,176.21,8.55,0.0,100.0,77.36,0.0,0.0,0.0,0.0,18.0,0.0,False,S2
2026-01-02 03:30:00,2026-01-02,3,False,176.21,8.55,0.0,100.0,77.36,0.0,0.0,0.0,0.0,18.0,0.0,False,S_BE_OPT
2026-01-02 03:45:00,2026-01-02,3,False,86.33,8.54,0.0,99.15,78.16,0.0,0.0,0.0,0.0,18.0,0.0,False,S1
2026-01-02 03:45:00,2026-01-02,3,False,86.33,8.54,0.0,99.15,78.16,0.0,0.0,0.0,0.0,18.0,0.0,False,S2
2026-01-02 03:45:00,2026-01-02,3,False,86.33,8.54,0.0,99.15,78.16,0.0,0.0,0.0,0.0,18.0,0.0,False,S_BE_OPT
2026-01-02 04:00:00,2026-01-02,4,False,155.45,8.53,0.0,100.0,73.81,0.0,2.75,0.0,2.75,20.75,0.023457,False,S1
2026-01-02 04:00:00,2026-01-02,4,False,155.45,8.53,0.0,100.0,73.81,0.0,2.75,0.0,2.75,20.75,0.023457,False,S2
2026-01-02 04:00:00,2026-01-02,4,False,155.45,8.53,0.0,100.0,73.81,0.0,2.75,0.0,2.75,20.75,0.023457,False,S_BE_OPT
2026-01-02 04:15:00,2026-01-02,4,False,188.37,8.53,0.0,100.0,72.49,0.0,1.25,0.0,1.25,22.0,0.010663,False,S1
2026-01-02 04:15:00,2026-01-02,4,False,188.37,8.53,0.0,100.0,72.49,0.0,1.25,0.0,1.25,22.0,0.010663,False,S2
2026-01-02 04:15:00,2026-01-02,4,False,188.37,8.53,0.0,100.0,72.49,0.0,1.25,0.0,1.25,22.0,0.010663,False,S_BE_OPT
2026-01-02 04:30:00,2026-01-02,4,False,106.42,8.53,0.0,99.58,72.06,0.0,0.0,0.0,0.0,22.0,0.0,False,S1
2026-01-02 04:30:00,2026-01-02,4,False,106.42,8.53,0.0,99.58,72.06,0.0,0.0,0.0,0.0,22.0,0.0,False,S2
2026-01-02 04:30:00,2026-01-02,4,False,106.42,8.53,0.0,99.58,72.06,0.0,0.0,0.0,0.0,22.0,0.0,False,S_BE_OPT
2026-01-02 04:45:00,2026-01-02,4,False,171.51,8.53,0.0,100.0,72.28,0.0,0.0,0.0,0.0,22.0,0.0,False,S1
2026-01-02 04:45:00,2026-01-02,4,False,171.51,8.53,0.0,100.0,72.28,0.0,0.0,0.0,0.0,22.0,0.0,False,S2
2026-01-02 04:45:00,2026-01-02,4,False,171.51,8.53,0.0,100.0,72.28,0.0,0.0,0.0,0.0,22.0,0.0,False,S_BE_OPT
2026-01-02 05:00:00,2026-01-02,5,False,86.35,8.53,0.0,99.58,72.61,0.0,0.0,0.0,0.0,22.0,0.0,False,S1
2026-01-02 05:00:00,2026-01-02,5,False,86.35,8.53,0.0,99.58,72.61,0.0,0.0,0.0,0.0,22.0,0.0,False,S2
2026-01-02 05:00:00,2026-01-02,5,False,86.35,8.53,0.0,99.58,72.61,0.0,0.0,0.0,0.0,22.0,0.0,False,S_BE_OPT
2026-01-02 05:15:00,2026-01-02,5,False,263.63,8.53,0.0,98.74,72.8,0.0,0.0,0.0,0.0,22.0,0.0,False,S1
2026-01-02 05:15:00,2026-01-02,5,False,263.63,8.53,0.0,98.74,72.8,0.0,0.0,0.0,0.0,22.0,0.0,False,S2
2026-01-02 05:15:00,2026-01-02,5,False,263.63,8.53,0.0,98.74,72.8,0.0,0.0,0.0,0.0,22.0,0.0,False,S_BE_OPT
2026-01-02 05:30:00,2026-01-02,5,False,159.59,8.53,0.0,98.39,66.29,0.0,0.0,0.0,0.0,22.0,0.0,False,S1
2026-01-02 05:30:00,2026-01-02,5,False,159.59,8.53,0.0,98.39,66.29,0.0,0.0,0.0,0.0,22.0,0.0,False,S2
2026-01-02 05:30:00,2026-01-02,5,False,159.59,8.53,0.0,98.39,66.29,0.0,0.0,0.0,0.0,22.0,0.0,False,S_BE_OPT
2026-01-02 05:45:00,2026-01-02,5,False,100.6,8.53,0.0,98.05,65.5,0.0,0.0,0.0,0.0,22.0,0.0,False,S1
2026-01-02 05:45:00,2026-01-02,5,False,100.6,8.53,0.0,98.05,65.5,0.0,0.0,0.0,0.0,22.0,0.0,False,S2
2026-01-02 05:45:00,2026-01-02,5,False,100.6,8.53,0.0,98.05,65.5,0.0,0.0,0.0,0.0,22.0,0.0,False,S_BE_OPT
2026-01-02 06:00:00,2026-01-02,6,False,16.34,8.55,0.0,99.27,68.56,1.875,0.0,0.0,0.0,20.125,0.0,False,S1
2026-01-02 06:00:00,2026-01-02,6,False,16.34,8.55,0.0,99.27,68.56,1.875,0.0,0.0,0.0,20.125,0.0,False,S2
2026-01-02 06:00:00,2026-01-02,6,False,16.34,8.55,0.0,99.27,68.56,1.875,0.0,0.0,0.0,20.125,0.0,False,S_BE_OPT
2026-01-02 06:15:00,2026-01-02,6,False,-84.72,42.01,0.0,99.65,67.72,1.875,0.0,0.0,0.0,18.25,0.0,False,S1
2026-01-02 06:15:00,2026-01-02,6,False,-84.72,42.01,0.0,99.65,67.72,1.875,0.0,0.0,0.0,18.25,0.0,False,S2
2026-01-02 06:15:00,2026-01-02,6,False,-84.72,42.01,0.0,99.65,67.72,1.875,0.0,0.0,0.0,18.25,0.0,False,S_BE_OPT
2026-01-02 06:30:00,2026-01-02,6,False,211.67,9.16,0.0,99.3,67.19,1.875,0.0,0.0,0.0,16.375,0.0,False,S1
2026-01-02 06:30:00,2026-01-02,6,False,211.67,9.16,0.0,99.3,67.19,1.875,0.0,0.0,0.0,16.375,0.0,False,S2
2026-01-02 06:30:00,2026-01-02,6,False,211.67,9.16,0.0,99.3,67.19,1.875,0.0,0.0,0.0,16.375,0.0,False,S_BE_OPT
2026-01-02 06:45:00,2026-01-02,6,False,158.4,9.09,0.0,99.65,67.47,1.875,0.0,0.0,0.0,14.5,0.0,False,S1
2026-01-02 06:45:00,2026-01-02,6,False,158.4,9.09,0.0,99.65,67.47,1.875,0.0,0.0,0.0,14.5,0.0,False,S2
2026-01-02 06:45:00,2026-01-02,6,False,158.4,9.09,0.0,99.65,67.47,1.875,0.0,0.0,0.0,14.5,0.0,False,S_BE_OPT
2026-01-02 07:00:00,2026-01-02,7,False,362.33,62.37,0.0,98.94,66.72,0.0,0.0,0.0,0.0,14.5,0.0,False,S1
2026-01-02 07:00:00,2026-01-02,7,False,362.33,62.37,0.0,98.94,66.72,0.0,0.0,0.0,0.0,14.5,0.0,False,S2
2026-01-02 07:00:00,2026-01-02,7,False,362.33,62.37,0.0,98.94,66.72,0.0,0.0,0.0,0.0,14.5,0.0,False,S_BE_OPT
2026-01-02 07:15:00,2026-01-02,7,False,163.5,52.76,0.0,99.3,68.71,0.0,0.0,0.0,0.0,14.5,0.0,False,S1
2026-01-02 07:15:00,2026-01-02,7,False,163.5,52.76,0.0,99.3,68.71,0.0,0.0,0.0,0.0,14.5,0.0,False,S2
2026-01-02 07:15:00,2026-01-02,7,False,163.5,52.76,0.0,99.3,68.71,0.0,0.0,0.0,0.0,14.5,0.0,False,S_BE_OPT
2026-01-02 07:30:00,2026-01-02,7,False,325.07,60.04,0.0,98.73,70.69,0.0,0.0,0.0,0.0,14.5,0.0,False,S1
2026-01-02 07:30:00,2026-01-02,7,False,325.07,60.04,0.0,98.73,70.69,0.0,0.0,0.0,0.0,14.5,0.0,False,S2
2026-01-02 07:30:00,2026-01-02,7,False,325.07,60.04,0.0,98.73,70.69,0.0,0.0,0.0,0.0,14.5,0.0,False,S_BE_OPT
2026-01-02 07:45:00,2026-01-02,7,False,247.63,62.19,0.0,96.12,71.11,0.0,0.0,0.0,0.0,14.5,0.0,False,S1
2026-01-02 07:45:00,2026-01-02,7,False,247.63,62.19,0.0,96.12,71.11,0.0,0.0,0.0,0.0,14.5,0.0,False,S2
2026-01-02 07:45:00,2026-01-02,7,False,247.63,62.19,0.0,96.12,71.11,0.0,0.0,0.0,0.0,14.5,0.0,False,S_BE_OPT
2026-01-02 08:00:00,2026-01-02,8,False,509.18,64.73,0.0,93.39,67.36,0.0,0.0,0.0,0.0,14.5,0.0,False,S1
2026-01-02 08:00:00,2026-01-02,8,False,509.18,64.73,0.0,93.39,67.36,0.0,0.0,0.0,0.0,14.5,0.0,False,S2
2026-01-02 08:00:00,2026-01-02,8,False,509.18,64.73,0.0,93.39,67.36,0.0,0.0,0.0,0.0,14.5,0.0,False,S_BE_OPT
2026-01-02 08:15:00,2026-01-02,8,False,438.55,64.77,0.0,93.38,63.18,0.0,0.0,0.0,0.0,14.5,0.0,False,S1
2026-01-02 08:15:00,2026-01-02,8,False,438.55,64.77,0.0,93.38,63.18,0.0,0.0,0.0,0.0,14.5,0.0,False,S2
2026-01-02 08:15:00,2026-01-02,8,False,438.55,64.77,0.0,93.38,63.18,0.0,0.0,0.0,0.0,14.5,0.0,False,S_BE_OPT
2026-01-02 08:30:00,2026-01-02,8,False,321.92,67.2,0.0,79.36,63.84,0.0,0.0,0.0,0.0,14.5,0.0,False,S1
2026-01-02 08:30:00,2026-01-02,8,False,321.92,67.2,0.0,79.36,63.84,0.0,0.0,0.0,0.0,14.5,0.0,False,S2
2026-01-02 08:30:00,2026-01-02,8,False,321.92,67.2,0.0,79.36,63.84,0.0,0.0,0.0,0.0,14.5,0.0,False,S_BE_OPT
2026-01-02 08:45:00,2026-01-02,8,False,248.78,69.82,0.0,79.54,63.98,0.0,0.0,0.0,0.0,14.5,0.0,False,S1
2026-01-02 08:45:00,2026-01-02,8,False,248.78,69.82,0.0,79.54,63.98,0.0,0.0,0.0,0.0,14.5,0.0,False,S2
2026-01-02 08:45:00,2026-01-02,8,False,248.78,69.82,0.0,79.54,63.98,0.0,0.0,0.0,0.0,14.5,0.0,False,S_BE_OPT
2026-01-02 09:00:00,2026-01-02,9,False,288.62,72.42,0.0,79.24,62.69,0.0,0.0,0.0,0.0,14.5,0.0,False,S1
2026-01-02 09:00:00,2026-01-02,9,False,288.62,72.42,0.0,79.24,62.69,0.0,0.0,0.0,0.0,14.5,0.0,False,S2
2026-01-02 09:00:00,2026-01-02,9,False,288.62,72.42,0.0,79.24,62.69,0.0,0.0,0.0,0.0,14.5,0.0,False,S_BE_OPT
2026-01-02 09:15:00,2026-01-02,9,False,237.64,74.15,0.0,79.53,62.29,0.0,0.0,0.0,0.0,14.5,0.0,False,S1
2026-01-02 09:15:00,2026-01-02,9,False,237.64,74.15,0.0,79.53,62.29,0.0,0.0,0.0,0.0,14.5,0.0,False,S2
2026-01-02 09:15:00,2026-01-02,9,False,237.64,74.15,0.0,79.53,62.29,0.0,0.0,0.0,0.0,14.5,0.0,False,S_BE_OPT
2026-01-02 09:30:00,2026-01-02,9,False,209.6,74.16,0.0,78.63,63.49,0.0,0.0,0.0,0.0,14.5,0.0,False,S1
2026-01-02 09:30:00,2026-01-02,9,False,209.6,74.16,0.0,78.63,63.49,0.0,0.0,0.0,0.0,14.5,0.0,False,S2
2026-01-02 09:30:00,2026-01-02,9,False,209.6,74.16,0.0,78.63,63.49,0.0,0.0,0.0,0.0,14.5,0.0,False,S_BE_OPT
2026-01-02 09:45:00,2026-01-02,9,False,175.71,75.15,0.0,76.45,62.27,0.0,0.0,0.0,0.0,14.5,0.0,False,S1
2026-01-02 09:45:00,2026-01-02,9,False,175.71,75.15,0.0,76.45,62.27,0.0,0.0,0.0,0.0,14.5,0.0,False,S2
2026-01-02 09:45:00,2026-01-02,9,False,175.71,75.15,0.0,76.45,62.27,0.0,0.0,0.0,0.0,14.5,0.0,False,S_BE_OPT
2026-01-02 10:00:00,2026-01-02,10,False,22.6,80.97,0.0,58.58,60.36,0.0,0.0,0.0,0.0,14.5,0.0,False,S1
2026-01-02 10:00:00,2026-01-02,10,False,22.6,80.97,0.0,58.58,60.36,0.0,0.0,0.0,0.0,14.5,0.0,False,S2
2026-01-02 10:00:00,2026-01-02,10,False,22.6,80.97,0.0,58.58,60.36,0.0,0.0,0.0,0.0,14.5,0.0,False,S_BE_OPT
2026-01-02 10:15:00,2026-01-02,10,False,-47.51,88.99,0.0,58.45,62.52,0.0,0.0,0.0,0.0,14.5,0.0,False,S1
2026-01-02 10:15:00,2026-01-02,10,False,-47.51,88.99,0.0,58.45,62.52,0.0,0.0,0.0,0.0,14.5,0.0,False,S2
2026-01-02 10:15:00,2026-01-02,10,False,-47.51,88.99,0.0,58.45,62.52,0.0,0.0,0.0,0.0,14.5,0.0,False,S_BE_OPT
2026-01-02 10:30:00,2026-01-02,10,False,-7.18,110.59,0.0,57.01,61.5,0.0,0.0,0.0,0.0,14.5,0.0,False,S1
2026-01-02 10:30:00,2026-01-02,10,False,-7.18,110.59,0.0,57.01,61.5,0.0,0.0,0.0,0.0,14.5,0.0,False,S2
2026-01-02 10:30:00,2026-01-02,10,False,-7.18,110.59,0.0,57.01,61.5,0.0,0.0,0.0,0.0,14.5,0.0,False,S_BE_OPT
2026-01-02 10:45:00,2026-01-02,10,False,1.51,89.96,0.0,55.37,61.88,0.0,0.0,0.0,0.0,14.5,0.0,False,S1
2026-01-02 10:45:00,2026-01-02,10,False,1.51,89.96,0.0,55.37,61.88,0.0,0.0,0.0,0.0,14.5,0.0,False,S2
2026-01-02 10:45:00,2026-01-02,10,False,1.51,89.96,0.0,55.37,61.88,0.0,0.0,0.0,0.0,14.5,0.0,False,S_BE_OPT
2026-01-02 11:00:00,2026-01-02,11,False,-32.71,121.7,0.0,76.81,61.69,0.0,0.0,0.0,0.0,14.5,0.0,False,S1
2026-01-02 11:00:00,2026-01-02,11,False,-32.71,121.7,0.0,76.81,61.69,0.0,0.0,0.0,0.0,14.5,0.0,False,S2
2026-01-02 11:00:00,2026-01-02,11,False,-32.71,121.7,0.0,76.81,61.69,0.0,0.0,0.0,0.0,14.5,0.0,False,S_BE_OPT
2026-01-02 11:15:00,2026-01-02,11,False,-42.83,87.71,0.0,78.01,62.06,0.0,0.0,0.0,0.0,14.5,0.0,False,S1
2026-01-02 11:15:00,2026-01-02,11,False,-42.83,87.71,0.0,78.01,62.06,0.0,0.0,0.0,0.0,14.5,0.0,False,S2
2026-01-02 11:15:00,2026-01-02,11,False,-42.83,87.71,0.0,78.01,62.06,0.0,0.0,0.0,0.0,14.5,0.0,False,S_BE_OPT
2026-01-02 11:30:00,2026-01-02,11,False,-25.3,94.65,0.0,78.62,62.78,0.0,0.0,0.0,0.0,14.5,0.0,False,S1
2026-01-02 11:30:00,2026-01-02,11,False,-25.3,94.65,0.0,78.62,62.78,0.0,0.0,0.0,0.0,14.5,0.0,False,S2
2026-01-02 11:30:00,2026-01-02,11,False,-25.3,94.65,0.0,78.62,62.78,0.0,0.0,0.0,0.0,14.5,0.0,False,S_BE_OPT
2026-01-02 11:45:00,2026-01-02,11,False,20.85,55.79,0.0,77.11,63.28,0.0,0.0,0.0,0.0,14.5,0.0,False,S1
2026-01-02 11:45:00,2026-01-02,11,False,20.85,55.79,0.0,77.11,63.28,0.0,0.0,0.0,0.0,14.5,0.0,False,S2
2026-01-02 11:45:00,2026-01-02,11,False,20.85,55.79,0.0,77.11,63.28,0.0,0.0,0.0,0.0,14.5,0.0,False,S_BE_OPT
2026-01-02 12:00:00,2026-01-02,12,False,-31.68,95.66,0.0,79.02,69.47,0.0,0.0,0.0,0.0,14.5,0.0,False,S1
2026-01-02 12:00:00,2026-01-02,12,False,-31.68,95.66,0.0,79.02,69.47,0.0,0.0,0.0,0.0,14.5,0.0,False,S2
2026-01-02 12:00:00,2026-01-02,12,False,-31.68,95.66,0.0,79.02,69.47,0.0,0.0,0.0,0.0,14.5,0.0,False,S_BE_OPT
2026-01-02 12:15:00,2026-01-02,12,False,105.99,73.36,0.0,79.6,70.16,0.0,0.0,0.0,0.0,14.5,0.0,False,S1
2026-01-02 12:15:00,2026-01-02,12,False,105.99,73.36,0.0,79.6,70.16,0.0,0.0,0.0,0.0,14.5,0.0,False,S2
2026-01-02 12:15:00,2026-01-02,12,False,105.99,73.36,0.0,79.6,70.16,0.0,0.0,0.0,0.0,14.5,0.0,False,S_BE_OPT
2026-01-02 12:30:00,2026-01-02,12,False,44.27,81.24,0.0,79.83,70.15,0.0,0.0,0.0,0.0,14.5,0.0,False,S1
2026-01-02 12:30:00,2026-01-02,12,False,44.27,81.24,0.0,79.83,70.15,0.0,0.0,0.0,0.0,14.5,0.0,False,S2
2026-01-02 12:30:00,2026-01-02,12,False,44.27,81.24,0.0,79.83,70.15,0.0,0.0,0.0,0.0,14.5,0.0,False,S_BE_OPT
2026-01-02 12:45:00,2026-01-02,12,False,159.96,66.94,0.0,79.62,71.06,0.0,0.0,0.0,0.0,14.5,0.0,False,S1
2026-01-02 12:45:00,2026-01-02,12,False,159.96,66.94,0.0,79.62,71.06,0.0,0.0,0.0,0.0,14.5,0.0,False,S2
2026-01-02 12:45:00,2026-01-02,12,False,159.96,66.94,0.0,79.62,71.06,0.0,0.0,0.0,0.0,14.5,0.0,False,S_BE_OPT
2026-01-02 13:00:00,2026-01-02,13,False,-12.12,78.0,0.0,77.01,71.41,0.0,0.0,0.0,0.0,14.5,0.0,False,S1
2026-01-02 13:00:00,2026-01-02,13,False,-12.12,78.0,0.0,77.01,71.41,0.0,0.0,0.0,0.0,14.5,0.0,False,S2
2026-01-02 13:00:00,2026-01-02,13,False,-12.12,78.0,0.0,77.01,71.41,0.0,0.0,0.0,0.0,14.5,0.0,False,S_BE_OPT
2026-01-02 13:15:00,2026-01-02,13,False,121.58,58.77,0.0,77.82,72.74,0.0,0.0,0.0,0.0,14.5,0.0,False,S1
2026-01-02 13:15:00,2026-01-02,13,False,121.58,58.77,0.0,77.82,72.74,0.0,0.0,0.0,0.0,14.5,0.0,False,S2
2026-01-02 13:15:00,2026-01-02,13,False,121.58,58.77,0.0,77.82,72.74,0.0,0.0,0.0,0.0,14.5,0.0,False,S_BE_OPT
2026-01-02 13:30:00,2026-01-02,13,False,141.96,71.9,0.0,77.39,76.76,0.0,0.0,0.0,0.0,14.5,0.0,False,S1
2026-01-02 13:30:00,2026-01-02,13,False,141.96,71.9,0.0,77.39,76.76,0.0,0.0,0.0,0.0,14.5,0.0,False,S2
2026-01-02 13:30:00,2026-01-02,13,False,141.96,71.9,0.0,77.39,76.76,0.0,0.0,0.0,0.0,14.5,0.0,False,S_BE_OPT
2026-01-02 13:45:00,2026-01-02,13,False,204.98,54.93,0.0,79.23,75.67,0.0,0.0,0.0,0.0,14.5,0.0,False,S1
2026-01-02 13:45:00,2026-01-02,13,False,204.98,54.93,0.0,79.23,75.67,0.0,0.0,0.0,0.0,14.5,0.0,False,S2
2026-01-02 13:45:00,2026-01-02,13,False,204.98,54.93,0.0,79.23,75.67,0.0,0.0,0.0,0.0,14.5,0.0,False,S_BE_OPT
2026-01-02 14:00:00,2026-01-02,14,False,143.66,73.89,0.0,79.39,75.84,0.0,0.0,0.0,0.0,14.5,0.0,False,S1
2026-01-02 14:00:00,2026-01-02,14,False,143.66,73.89,0.0,79.39,75.84,0.0,0.0,0.0,0.0,14.5,0.0,False,S2
2026-01-02 14:00:00,2026-01-02,14,False,143.66,73.89,0.0,79.39,75.84,0.0,0.0,0.0,0.0,14.5,0.0,False,S_BE_OPT
2026-01-02 14:15:00,2026-01-02,14,False,192.55,75.29,0.0,79.32,81.05,0.0,0.0,0.0,0.0,14.5,0.0,False,S1
2026-01-02 14:15:00,2026-01-02,14,False,192.55,75.29,0.0,79.32,81.05,0.0,0.0,0.0,0.0,14.5,0.0,False,S2
2026-01-02 14:15:00,2026-01-02,14,False,192.55,75.29,0.0,79.32,81.05,0.0,0.0,0.0,0.0,14.5,0.0,False,S_BE_OPT
2026-01-02 14:30:00,2026-01-02,14,False,172.14,75.37,0.0,79.79,82.45,0.0,0.0,0.0,0.0,14.5,0.0,False,S1
2026-01-02 14:30:00,2026-01-02,14,False,172.14,75.37,0.0,79.79,82.45,0.0,0.0,0.0,0.0,14.5,0.0,False,S2
2026-01-02 14:30:00,2026-01-02,14,False,172.14,75.37,0.0,79.79,82.45,0.0,0.0,0.0,0.0,14.5,0.0,False,S_BE_OPT
2026-01-02 14:45:00,2026-01-02,14,False,119.1,80.97,0.0,79.84,85.67,0.0,0.0,0.0,0.0,14.5,0.0,False,S1
2026-01-02 14:45:00,2026-01-02,14,False,119.1,80.97,0.0,79.84,85.67,0.0,0.0,0.0,0.0,14.5,0.0,False,S2
2026-01-02 14:45:00,2026-01-02,14,False,119.1,80.97,0.0,79.84,85.67,0.0,0.0,0.0,0.0,14.5,0.0,False,S_BE_OPT
2026-01-02 15:00:00,2026-01-02,15,False,77.08,80.3,0.0,77.63,84.59,0.0,0.0,0.0,0.0,14.5,0.0,False,S1
2026-01-02 15:00:00,2026-01-02,15,False,77.08,80.3,0.0,77.63,84.59,0.0,0.0,0.0,0.0,14.5,0.0,False,S2
2026-01-02 15:00:00,2026-01-02,15,False,77.08,80.3,0.0,77.63,84.59,0.0,0.0,0.0,0.0,14.5,0.0,False,S_BE_OPT
2026-01-02 15:15:00,2026-01-02,15,False,52.79,78.5,0.0,76.69,89.48,0.0,0.0,0.0,0.0,14.5,0.0,False,S1
2026-01-02 15:15:00,2026-01-02,15,False,52.79,78.5,0.0,76.69,89.48,0.0,0.0,0.0,0.0,14.5,0.0,False,S2
2026-01-02 15:15:00,2026-01-02,15,False,52.79,78.5,0.0,76.69,89.48,0.0,0.0,0.0,0.0,14.5,0.0,False,S_BE_OPT
2026-01-02 15:30:00,2026-01-02,15,False,78.6,76.0,0.0,78.04,86.77,0.0,0.0,0.0,0.0,14.5,0.0,False,S1
2026-01-02 15:30:00,2026-01-02,15,False,78.6,76.0,0.0,78.04,86.77,0.0,0.0,0.0,0.0,14.5,0.0,False,S2
2026-01-02 15:30:00,2026-01-02,15,False,78.6,76.0,0.0,78.04,86.77,0.0,0.0,0.0,0.0,14.5,0.0,False,S_BE_OPT
2026-01-02 15:45:00,2026-01-02,15,False,-3.58,58.25,0.0,76.95,84.66,0.0,0.0,0.0,0.0,14.5,0.0,False,S1
2026-01-02 15:45:00,2026-01-02,15,False,-3.58,58.25,0.0,76.95,84.66,0.0,0.0,0.0,0.0,14.5,0.0,False,S2
2026-01-02 15:45:00,2026-01-02,15,False,-3.58,58.25,0.0,76.95,84.66,0.0,0.0,0.0,0.0,14.5,0.0,False,S_BE_OPT
2026-01-02 16:00:00,2026-01-02,16,False,-231.22,95.17,0.0,74.63,81.71,0.0,2.75,0.0,2.75,17.25,0.261718,False,S1
2026-01-02 16:00:00,2026-01-02,16,False,-231.22,95.17,0.0,74.63,81.71,0.0,2.75,0.0,2.75,17.25,0.261718,False,S2
2026-01-02 16:00:00,2026-01-02,16,False,-231.22,95.17,0.0,74.63,81.71,0.0,2.75,0.0,2.75,17.25,0.261718,False,S_BE_OPT
2026-01-02 16:15:00,2026-01-02,16,False,-309.32,104.22,0.0,74.64,80.23,0.0,2.75,0.0,2.75,20.0,0.286605,False,S1
2026-01-02 16:15:00,2026-01-02,16,False,-309.32,104.22,0.0,74.64,80.23,0.0,2.75,0.0,2.75,20.0,0.286605,False,S2
2026-01-02 16:15:00,2026-01-02,16,False,-309.32,104.22,0.0,74.64,80.23,0.0,2.75,0.0,2.75,20.0,0.286605,False,S_BE_OPT
2026-01-02 16:30:00,2026-01-02,16,False,-271.69,109.24,0.0,74.26,79.24,0.0,2.0,0.0,2.0,22.0,0.21848,False,S1
2026-01-02 16:30:00,2026-01-02,16,False,-271.69,109.24,0.0,74.26,79.24,0.0,2.0,0.0,2.0,22.0,0.21848,False,S2
2026-01-02 16:30:00,2026-01-02,16,False,-271.69,109.24,0.0,74.26,79.24,0.0,2.0,0.0,2.0,22.0,0.21848,False,S_BE_OPT
2026-01-02 16:45:00,2026-01-02,16,False,-241.84,114.7,0.0,69.23,78.74,0.0,0.0,0.0,0.0,22.0,0.0,False,S1
2026-01-02 16:45:00,2026-01-02,16,False,-241.84,114.7,0.0,69.23,78.74,0.0,0.0,0.0,0.0,22.0,0.0,False,S2
2026-01-02 16:45:00,2026-01-02,16,False,-241.84,114.7,0.0,69.23,78.74,0.0,0.0,0.0,0.0,22.0,0.0,False,S_BE_OPT
2026-01-02 17:00:00,2026-01-02,17,False,4.83,82.68,0.0,51.18,78.14,0.0,0.0,0.0,0.0,22.0,0.0,False,S1
2026-01-02 17:00:00,2026-01-02,17,False,4.83,82.68,0.0,51.18,78.14,0.0,0.0,0.0,0.0,22.0,0.0,False,S2
2026-01-02 17:00:00,2026-01-02,17,False,4.83,82.68,0.0,51.18,78.14,0.0,0.0,0.0,0.0,22.0,0.0,False,S_BE_OPT
2026-01-02 17:15:00,2026-01-02,17,False,-99.49,128.78,0.0,50.87,75.09,0.0,0.0,0.0,0.0,22.0,0.0,False,S1
2026-01-02 17:15:00,2026-01-02,17,False,-99.49,128.78,0.0,50.87,75.09,0.0,0.0,0.0,0.0,22.0,0.0,False,S2
2026-01-02 17:15:00,2026-01-02,17,False,-99.49,128.78,0.0,50.87,75.09,0.0,0.0,0.0,0.0,22.0,0.0,False,S_BE_OPT
2026-01-02 17:30:00,2026-01-02,17,False,18.3,89.56,0.0,50.72,71.74,0.0,0.0,0.0,0.0,22.0,0.0,False,S1
2026-01-02 17:30:00,2026-01-02,17,False,18.3,89.56,0.0,50.72,71.74,0.0,0.0,0.0,0.0,22.0,0.0,False,S2
2026-01-02 17:30:00,2026-01-02,17,False,18.3,89.56,0.0,50.72,71.74,0.0,0.0,0.0,0.0,22.0,0.0,False,S_BE_OPT
2026-01-02 17:45:00,2026-01-02,17,False,15.36,90.46,0.0,50.71,68.1,0.0,0.0,0.0,0.0,22.0,0.0,False,S1
2026-01-02 17:45:00,2026-01-02,17,False,15.36,90.46,0.0,50.71,68.1,0.0,0.0,0.0,0.0,22.0,0.0,False,S2
2026-01-02 17:45:00,2026-01-02,17,False,15.36,90.46,0.0,50.71,68.1,0.0,0.0,0.0,0.0,22.0,0.0,False,S_BE_OPT
2026-01-02 18:00:00,2026-01-02,18,False,58.52,84.55,0.0,51.51,68.19,1.875,0.0,0.0,0.0,20.125,0.0,False,S1
2026-01-02 18:00:00,2026-01-02,18,False,58.52,84.55,0.0,51.51,68.19,1.875,0.0,0.0,0.0,20.125,0.0,False,S2
2026-01-02 18:00:00,2026-01-02,18,False,58.52,84.55,0.0,51.51,68.19,1.875,0.0,0.0,0.0,20.125,0.0,False,S_BE_OPT
2026-01-02 18:15:00,2026-01-02,18,False,99.67,100.73,0.0,51.08,67.85,1.875,0.0,0.0,0.0,18.25,0.0,False,S1
2026-01-02 18:15:00,2026-01-02,18,False,99.67,100.73,0.0,51.08,67.85,1.875,0.0,0.0,0.0,18.25,0.0,False,S2
2026-01-02 18:15:00,2026-01-02,18,False,99.67,100.73,0.0,51.08,67.85,1.875,0.0,0.0,0.0,18.25,0.0,False,S_BE_OPT
2026-01-02 18:30:00,2026-01-02,18,False,30.76,87.7,0.0,50.44,65.63,1.875,0.0,0.0,0.0,16.375,0.0,False,S1
2026-01-02 18:30:00,2026-01-02,18,False,30.76,87.7,0.0,50.44,65.63,1.875,0.0,0.0,0.0,16.375,0.0,False,S2
2026-01-02 18:30:00,2026-01-02,18,False,30.76,87.7,0.0,50.44,65.63,1.875,0.0,0.0,0.0,16.375,0.0,False,S_BE_OPT
2026-01-02 18:45:00,2026-01-02,18,False,-36.77,96.7,0.0,50.4,65.97,1.875,0.0,0.0,0.0,14.5,0.0,False,S1
2026-01-02 18:45:00,2026-01-02,18,False,-36.77,96.7,0.0,50.4,65.97,1.875,0.0,0.0,0.0,14.5,0.0,False,S2
2026-01-02 18:45:00,2026-01-02,18,False,-36.77,96.7,0.0,50.4,65.97,1.875,0.0,0.0,0.0,14.5,0.0,False,S_BE_OPT
2026-01-02 19:00:00,2026-01-02,19,False,-3.1,77.45,0.0,52.58,65.02,0.0,0.0,0.0,0.0,14.5,0.0,False,S1
2026-01-02 19:00:00,2026-01-02,19,False,-3.1,77.45,0.0,52.58,65.02,0.0,0.0,0.0,0.0,14.5,0.0,False,S2
2026-01-02 19:00:00,2026-01-02,19,False,-3.1,77.45,0.0,52.58,65.02,0.0,0.0,0.0,0.0,14.5,0.0,False,S_BE_OPT
2026-01-02 19:15:00,2026-01-02,19,False,-57.34,77.86,0.0,52.3,65.25,0.0,0.0,0.0,0.0,14.5,0.0,False,S1
2026-01-02 19:15:00,2026-01-02,19,False,-57.34,77.86,0.0,52.3,65.25,0.0,0.0,0.0,0.0,14.5,0.0,False,S2
2026-01-02 19:15:00,2026-01-02,19,False,-57.34,77.86,0.0,52.3,65.25,0.0,0.0,0.0,0.0,14.5,0.0,False,S_BE_OPT
2026-01-02 19:30:00,2026-01-02,19,False,-47.54,115.44,0.0,52.4,65.13,0.0,0.0,0.0,0.0,14.5,0.0,False,S1
2026-01-02 19:30:00,2026-01-02,19,False,-47.54,115.44,0.0,52.4,65.13,0.0,0.0,0.0,0.0,14.5,0.0,False,S2
2026-01-02 19:30:00,2026-01-02,19,False,-47.54,115.44,0.0,52.4,65.13,0.0,0.0,0.0,0.0,14.5,0.0,False,S_BE_OPT
2026-01-02 19:45:00,2026-01-02,19,False,-20.51,117.86,0.0,52.01,63.87,0.0,0.0,0.0,0.0,14.5,0.0,False,S1
2026-01-02 19:45:00,2026-01-02,19,False,-20.51,117.86,0.0,52.01,63.87,0.0,0.0,0.0,0.0,14.5,0.0,False,S2
2026-01-02 19:45:00,2026-01-02,19,False,-20.51,117.86,0.0,52.01,63.87,0.0,0.0,0.0,0.0,14.5,0.0,False,S_BE_OPT
2026-01-02 20:00:00,2026-01-02,20,False,-218.51,117.49,0.0,70.73,65.45,0.0,0.0,0.0,0.0,14.5,0.0,False,S1
2026-01-02 20:00:00,2026-01-02,20,False,-218.51,117.49,0.0,70.73,65.45,0.0,0.0,0.0,0.0,14.5,0.0,False,S2
2026-01-02 20:00:00,2026-01-02,20,False,-218.51,117.49,0.0,70.73,65.45,0.0,0.0,0.0,0.0,14.5,0.0,False,S_BE_OPT
2026-01-02 20:15:00,2026-01-02,20,False,-83.68,81.64,0.0,74.98,70.66,0.0,0.0,0.0,0.0,14.5,0.0,False,S1
2026-01-02 20:15:00,2026-01-02,20,False,-83.68,81.64,0.0,74.98,70.66,0.0,0.0,0.0,0.0,14.5,0.0,False,S2
2026-01-02 20:15:00,2026-01-02,20,False,-83.68,81.64,0.0,74.98,70.66,0.0,0.0,0.0,0.0,14.5,0.0,False,S_BE_OPT
2026-01-02 20:30:00,2026-01-02,20,False,-216.65,95.24,0.0,74.61,69.54,0.0,0.0,0.0,0.0,14.5,0.0,False,S1
2026-01-02 20:30:00,2026-01-02,20,False,-216.65,95.24,0.0,74.61,69.54,0.0,0.0,0.0,0.0,14.5,0.0,False,S2
2026-01-02 20:30:00,2026-01-02,20,False,-216.65,95.24,0.0,74.61,69.54,0.0,0.0,0.0,0.0,14.5,0.0,False,S_BE_OPT
2026-01-02 20:45:00,2026-01-02,20,False,-269.61,104.16,0.0,72.22,69.82,0.0,0.0,0.0,0.0,14.5,0.0,False,S1
2026-01-02 20:45:00,2026-01-02,20,False,-269.61,104.16,0.0,72.22,69.82,0.0,0.0,0.0,0.0,14.5,0.0,False,S2
2026-01-02 20:45:00,2026-01-02,20,False,-269.61,104.16,0.0,72.22,69.82,0.0,0.0,0.0,0.0,14.5,0.0,False,S_BE_OPT
2026-01-02 21:00:00,2026-01-02,21,False,-460.84,117.44,0.0,73.74,71.61,0.0,0.0,0.0,0.0,14.5,0.0,False,S1
2026-01-02 21:00:00,2026-01-02,21,False,-460.84,117.44,0.0,73.74,71.61,0.0,0.0,0.0,0.0,14.5,0.0,False,S2
2026-01-02 21:00:00,2026-01-02,21,False,-460.84,117.44,0.0,73.74,71.61,0.0,0.0,0.0,0.0,14.5,0.0,False,S_BE_OPT
2026-01-02 21:15:00,2026-01-02,21,False,-383.18,138.24,0.0,73.26,72.8,0.0,0.0,0.0,0.0,14.5,0.0,False,S1
2026-01-02 21:15:00,2026-01-02,21,False,-383.18,138.24,0.0,73.26,72.8,0.0,0.0,0.0,0.0,14.5,0.0,False,S2
2026-01-02 21:15:00,2026-01-02,21,False,-383.18,138.24,0.0,73.26,72.8,0.0,0.0,0.0,0.0,14.5,0.0,False,S_BE_OPT
2026-01-02 21:30:00,2026-01-02,21,False,-427.15,145.66,0.0,69.13,74.29,0.0,0.0,0.0,0.0,14.5,0.0,False,S1
2026-01-02 21:30:00,2026-01-02,21,False,-427.15,145.66,0.0,69.13,74.29,0.0,0.0,0.0,0.0,14.5,0.0,False,S2
2026-01-02 21:30:00,2026-01-02,21,False,-427.15,145.66,0.0,69.13,74.29,0.0,0.0,0.0,0.0,14.5,0.0,False,S_BE_OPT
2026-01-02 21:45:00,2026-01-02,21,False,-474.18,126.68,0.0,71.71,75.4,0.0,0.0,0.0,0.0,14.5,0.0,False,S1
2026-01-02 21:45:00,2026-01-02,21,False,-474.18,126.68,0.0,71.71,75.4,0.0,0.0,0.0,0.0,14.5,0.0,False,S2
2026-01-02 21:45:00,2026-01-02,21,False,-474.18,126.68,0.0,71.71,75.4,0.0,0.0,0.0,0.0,14.5,0.0,False,S_BE_OPT
2026-01-02 22:00:00,2026-01-02,22,False,-546.06,130.08,0.0,73.27,78.1,0.0,0.0,0.0,0.0,14.5,0.0,False,S1
2026-01-02 22:00:00,2026-01-02,22,False,-546.06,130.08,0.0,73.27,78.1,0.0,0.0,0.0,0.0,14.5,0.0,False,S2
2026-01-02 22:00:00,2026-01-02,22,False,-546.06,130.08,0.0,73.27,78.1,0.0,0.0,0.0,0.0,14.5,0.0,False,S_BE_OPT
2026-01-02 22:15:00,2026-01-02,22,False,-355.51,123.38,0.0,73.87,77.75,0.0,0.0,0.0,0.0,14.5,0.0,False,S1
2026-01-02 22:15:00,2026-01-02,22,False,-355.51,123.38,0.0,73.87,77.75,0.0,0.0,0.0,0.0,14.5,0.0,False,S2
2026-01-02 22:15:00,2026-01-02,22,False,-355.51,123.38,0.0,73.87,77.75,0.0,0.0,0.0,0.0,14.5,0.0,False,S_BE_OPT
2026-01-02 22:30:00,2026-01-02,22,False,-310.56,124.33,0.0,73.86,78.82,0.0,0.0,0.0,0.0,14.5,0.0,False,S1
2026-01-02 22:30:00,2026-01-02,22,False,-310.56,124.33,0.0,73.86,78.82,0.0,0.0,0.0,0.0,14.5,0.0,False,S2
2026-01-02 22:30:00,2026-01-02,22,False,-310.56,124.33,0.0,73.86,78.82,0.0,0.0,0.0,0.0,14.5,0.0,False,S_BE_OPT
2026-01-02 22:45:00,2026-01-02,22,False,-358.14,116.89,0.0,74.31,79.45,0.0,0.0,0.0,0.0,14.5,0.0,False,S1
2026-01-02 22:45:00,2026-01-02,22,False,-358.14,116.89,0.0,74.31,79.45,0.0,0.0,0.0,0.0,14.5,0.0,False,S2
2026-01-02 22:45:00,2026-01-02,22,False,-358.14,116.89,0.0,74.31,79.45,0.0,0.0,0.0,0.0,14.5,0.0,False,S_BE_OPT
2026-01-02 23:00:00,2026-01-02,23,False,-349.55,121.31,0.0,73.51,80.05,0.0,0.0,0.0,0.0,14.5,0.0,False,S1
2026-01-02 23:00:00,2026-01-02,23,False,-349.55,121.31,0.0,73.51,80.05,0.0,0.0,0.0,0.0,14.5,0.0,False,S2
2026-01-02 23:00:00,2026-01-02,23,False,-349.55,121.31,0.0,73.51,80.05,0.0,0.0,0.0,0.0,14.5,0.0,False,S_BE_OPT
2026-01-02 23:15:00,2026-01-02,23,False,-250.5,121.98,0.0,73.41,80.19,0.0,0.0,0.0,0.0,14.5,0.0,False,S1
2026-01-02 23:15:00,2026-01-02,23,False,-250.5,121.98,0.0,73.41,80.19,0.0,0.0,0.0,0.0,14.5,0.0,False,S2
2026-01-02 23:15:00,2026-01-02,23,False,-250.5,121.98,0.0,73.41,80.19,0.0,0.0,0.0,0.0,14.5,0.0,False,S_BE_OPT
2026-01-02 23:30:00,2026-01-02,23,False,-193.97,116.93,0.0,72.78,80.97,0.0,0.0,0.0,0.0,14.5,0.0,False,S1
2026-01-02 23:30:00,2026-01-02,23,False,-193.97,116.93,0.0,72.78,80.97,0.0,0.0,0.0,0.0,14.5,0.0,False,S2
2026-01-02 23:30:00,2026-01-02,23,False,-193.97,116.93,0.0,72.78,80.97,0.0,0.0,0.0,0.0,14.5,0.0,False,S_BE_OPT
2026-01-02 23:45:00,2026-01-02,23,False,-69.46,118.92,0.0,65.39,81.31,0.0,0.0,0.0,0.0,14.5,0.0,False,S1
2026-01-02 23:45:00,2026-01-02,23,False,-69.46,118.92,0.0,65.39,81.31,0.0,0.0,0.0,0.0,14.5,0.0,False,S2
2026-01-02 23:45:00,2026-01-02,23,False,-69.46,118.92,0.0,65.39,81.31,0.0,0.0,0.0,0.0,14.5,0.0,False,S_BE_OPT
2026-01-03,2026-01-03,0,True,24.11,68.14,0.0,80.02,84.81,0.0,0.0,0.0,0.0,14.5,0.0,False,S1
2026-01-03,2026-01-03,0,True,24.11,68.14,0.0,80.02,84.81,0.0,0.0,0.0,0.0,14.5,0.0,False,S2
2026-01-03,2026-01-03,0,True,24.11,68.14,0.0,80.02,84.81,0.0,0.0,0.0,0.0,14.5,0.0,False,S_BE_OPT
2026-01-03 00:15:00,2026-01-03,0,True,3.91,66.52,0.0,77.27,85.79,0.0,0.0,0.0,0.0,14.5,0.0,False,S1
2026-01-03 00:15:00,2026-01-03,0,True,3.91,66.52,0.0,77.27,85.79,0.0,0.0,0.0,0.0,14.5,0.0,False,S2
2026-01-03 00:15:00,2026-01-03,0,True,3.91,66.52,0.0,77.27,85.79,0.0,0.0,0.0,0.0,14.5,0.0,False,S_BE_OPT
2026-01-03 00:30:00,2026-01-03,0,True,-186.63,105.21,0.0,76.25,85.17,0.0,0.0,0.0,0.0,14.5,0.0,False,S1
2026-01-03 00:30:00,2026-01-03,0,True,-186.63,105.21,0.0,76.25,85.17,0.0,0.0,0.0,0.0,14.5,0.0,False,S2
2026-01-03 00:30:00,2026-01-03,0,True,-186.63,105.21,0.0,76.25,85.17,0.0,0.0,0.0,0.0,14.5,0.0,False,S_BE_OPT
2026-01-03 00:45:00,2026-01-03,0,True,-87.48,104.53,0.0,83.93,86.42,0.0,0.0,0.0,0.0,14.5,0.0,False,S1
2026-01-03 00:45:00,2026-01-03,0,True,-87.48,104.53,0.0,83.93,86.42,0.0,0.0,0.0,0.0,14.5,0.0,False,S2
2026-01-03 00:45:00,2026-01-03,0,True,-87.48,104.53,0.0,83.93,86.42,0.0,0.0,0.0,0.0,14.5,0.0,False,S_BE_OPT
2026-01-03 01:00:00,2026-01-03,1,True,-65.09,104.64,0.0,69.61,81.65,0.0,0.0,0.0,0.0,14.5,0.0,False,S1
2026-01-03 01:00:00,2026-01-03,1,True,-65.09,104.64,0.0,69.61,81.65,0.0,0.0,0.0,0.0,14.5,0.0,False,S2
2026-01-03 01:00:00,2026-01-03,1,True,-65.09,104.64,0.0,69.61,81.65,0.0,0.0,0.0,0.0,14.5,0.0,False,S_BE_OPT
2026-01-03 01:15:00,2026-01-03,1,True,-14.69,107.77,0.0,70.03,80.88,0.0,0.0,0.0,0.0,14.5,0.0,False,S1
2026-01-03 01:15:00,2026-01-03,1,True,-14.69,107.77,0.0,70.03,80.88,0.0,0.0,0.0,0.0,14.5,0.0,False,S2
2026-01-03 01:15:00,2026-01-03,1,True,-14.69,107.77,0.0,70.03,80.88,0.0,0.0,0.0,0.0,14.5,0.0,False,S_BE_OPT
2026-01-03 01:30:00,2026-01-03,1,True,-19.03,110.14,0.0,70.93,80.27,0.0,0.0,0.0,0.0,14.5,0.0,False,S1
2026-01-03 01:30:00,2026-01-03,1,True,-19.03,110.14,0.0,70.93,80.27,0.0,0.0,0.0,0.0,14.5,0.0,False,S2
2026-01-03 01:30:00,2026-01-03,1,True,-19.03,110.14,0.0,70.93,80.27,0.0,0.0,0.0,0.0,14.5,0.0,False,S_BE_OPT
2026-01-03 01:45:00,2026-01-03,1,True,104.99,67.76,0.0,71.18,80.2,0.0,0.0,0.0,0.0,14.5,0.0,False,S1
2026-01-03 01:45:00,2026-01-03,1,True,104.99,67.76,0.0,71.18,80.2,0.0,0.0,0.0,0.0,14.5,0.0,False,S2
2026-01-03 01:45:00,2026-01-03,1,True,104.99,67.76,0.0,71.18,80.2,0.0,0.0,0.0,0.0,14.5,0.0,False,S_BE_OPT
2026-01-03 02:00:00,2026-01-03,2,True,183.85,69.11,0.0,71.27,78.0,0.0,0.0,0.0,0.0,14.5,0.0,False,S1
2026-01-03 02:00:00,2026-01-03,2,True,183.85,69.11,0.0,71.27,78.0,0.0,0.0,0.0,0.0,14.5,0.0,False,S2
2026-01-03 02:00:00,2026-01-03,2,True,183.85,69.11,0.0,71.27,78.0,0.0,0.0,0.0,0.0,14.5,0.0,False,S_BE_OPT
2026-01-03 02:15:00,2026-01-03,2,True,263.65,55.93,0.0,71.55,77.36,0.0,0.0,0.0,0.0,14.5,0.0,False,S1
2026-01-03 02:15:00,2026-01-03,2,True,263.65,55.93,0.0,71.55,77.36,0.0,0.0,0.0,0.0,14.5,0.0,False,S2
2026-01-03 02:15:00,2026-01-03,2,True,263.65,55.93,0.0,71.55,77.36,0.0,0.0,0.0,0.0,14.5,0.0,False,S_BE_OPT
2026-01-03 02:30:00,2026-01-03,2,True,263.28,50.73,0.0,71.86,77.45,0.0,0.0,0.0,0.0,14.5,0.0,False,S1
2026-01-03 02:30:00,2026-01-03,2,True,263.28,50.73,0.0,71.86,77.45,0.0,0.0,0.0,0.0,14.5,0.0,False,S2
2026-01-03 02:30:00,2026-01-03,2,True,263.28,50.73,0.0,71.86,77.45,0.0,0.0,0.0,0.0,14.5,0.0,False,S_BE_OPT
2026-01-03 02:45:00,2026-01-03,2,True,275.99,44.19,0.0,72.02,77.35,0.0,0.0,0.0,0.0,14.5,0.0,False,S1
2026-01-03 02:45:00,2026-01-03,2,True,275.99,44.19,0.0,72.02,77.35,0.0,0.0,0.0,0.0,14.5,0.0,False,S2
2026-01-03 02:45:00,2026-01-03,2,True,275.99,44.19,0.0,72.02,77.35,0.0,0.0,0.0,0.0,14.5,0.0,False,S_BE_OPT
2026-01-03 03:00:00,2026-01-03,3,True,257.85,46.4,0.0,78.45,76.59,0.0,0.0,0.0,0.0,14.5,0.0,False,S1
2026-01-03 03:00:00,2026-01-03,3,True,257.85,46.4,0.0,78.45,76.59,0.0,0.0,0.0,0.0,14.5,0.0,False,S2
2026-01-03 03:00:00,2026-01-03,3,True,257.85,46.4,0.0,78.45,76.59,0.0,0.0,0.0,0.0,14.5,0.0,False,S_BE_OPT
2026-01-03 03:15:00,2026-01-03,3,True,290.55,43.58,0.0,78.71,77.11,0.0,0.0,0.0,0.0,14.5,0.0,False,S1
2026-01-03 03:15:00,2026-01-03,3,True,290.55,43.58,0.0,78.71,77.11,0.0,0.0,0.0,0.0,14.5,0.0,False,S2
2026-01-03 03:15:00,2026-01-03,3,True,290.55,43.58,0.0,78.71,77.11,0.0,0.0,0.0,0.0,14.5,0.0,False,S_BE_OPT
2026-01-03 03:30:00,2026-01-03,3,True,240.22,42.73,0.0,77.68,78.22,0.0,0.0,0.0,0.0,14.5,0.0,False,S1
2026-01-03 03:30:00,2026-01-03,3,True,240.22,42.73,0.0,77.68,78.22,0.0,0.0,0.0,0.0,14.5,0.0,False,S2
2026-01-03 03:30:00,2026-01-03,3,True,240.22,42.73,0.0,77.68,78.22,0.0,0.0,0.0,0.0,14.5,0.0,False,S_BE_OPT
2026-01-03 03:45:00,2026-01-03,3,True,219.99,45.16,0.0,77.5,77.49,0.0,0.0,0.0,0.0,14.5,0.0,False,S1
2026-01-03 03:45:00,2026-01-03,3,True,219.99,45.16,0.0,77.5,77.49,0.0,0.0,0.0,0.0,14.5,0.0,False,S2
2026-01-03 03:45:00,2026-01-03,3,True,219.99,45.16,0.0,77.5,77.49,0.0,0.0,0.0,0.0,14.5,0.0,False,S_BE_OPT
2026-01-03 04:00:00,2026-01-03,4,True,47.65,26.42,0.0,75.42,77.13,0.0,0.0,0.0,0.0,14.5,0.0,False,S1
2026-01-03 04:00:00,2026-01-03,4,True,47.65,26.42,0.0,75.42,77.13,0.0,0.0,0.0,0.0,14.5,0.0,False,S2
2026-01-03 04:00:00,2026-01-03,4,True,47.65,26.42,0.0,75.42,77.13,0.0,0.0,0.0,0.0,14.5,0.0,False,S_BE_OPT
2026-01-03 04:15:00,2026-01-03,4,True,59.98,29.27,0.0,75.16,76.57,0.0,0.0,0.0,0.0,14.5,0.0,False,S1
2026-01-03 04:15:00,2026-01-03,4,True,59.98,29.27,0.0,75.16,76.57,0.0,0.0,0.0,0.0,14.5,0.0,False,S2
2026-01-03 04:15:00,2026-01-03,4,True,59.98,29.27,0.0,75.16,76.57,0.0,0.0,0.0,0.0,14.5,0.0,False,S_BE_OPT
2026-01-03 04:30:00,2026-01-03,4,True,43.47,21.56,0.0,75.41,76.88,0.0,0.0,0.0,0.0,14.5,0.0,False,S1
2026-01-03 04:30:00,2026-01-03,4,True,43.47,21.56,0.0,75.41,76.88,0.0,0.0,0.0,0.0,14.5,0.0,False,S2
2026-01-03 04:30:00,2026-01-03,4,True,43.47,21.56,0.0,75.41,76.88,0.0,0.0,0.0,0.0,14.5,0.0,False,S_BE_OPT
2026-01-03 04:45:00,2026-01-03,4,True,20.0,21.56,0.0,76.93,78.56,0.0,0.0,0.0,0.0,14.5,0.0,False,S1
2026-01-03 04:45:00,2026-01-03,4,True,20.0,21.56,0.0,76.93,78.56,0.0,0.0,0.0,0.0,14.5,0.0,False,S2
2026-01-03 04:45:00,2026-01-03,4,True,20.0,21.56,0.0,76.93,78.56,0.0,0.0,0.0,0.0,14.5,0.0,False,S_BE_OPT
2026-01-03 05:00:00,2026-01-03,5,True,7.6,21.56,0.0,77.09,80.98,0.0,0.0,0.0,0.0,14.5,0.0,False,S1
2026-01-03 05:00:00,2026-01-03,5,True,7.6,21.56,0.0,77.09,80.98,0.0,0.0,0.0,0.0,14.5,0.0,False,S2
2026-01-03 05:00:00,2026-01-03,5,True,7.6,21.56,0.0,77.09,80.98,0.0,0.0,0.0,0.0,14.5,0.0,False,S_BE_OPT
2026-01-03 05:15:00,2026-01-03,5,True,0.68,21.56,0.0,75.74,80.74,0.0,0.0,0.0,0.0,14.5,0.0,False,S1
2026-01-03 05:15:00,2026-01-03,5,True,0.68,21.56,0.0,75.74,80.74,0.0,0.0,0.0,0.0,14.5,0.0,False,S2
2026-01-03 05:15:00,2026-01-03,5,True,0.68,21.56,0.0,75.74,80.74,0.0,0.0,0.0,0.0,14.5,0.0,False,S_BE_OPT
2026-01-03 05:30:00,2026-01-03,5,True,-62.16,100.73,0.0,75.38,82.11,0.0,0.0,0.0,0.0,14.5,0.0,False,S1
2026-01-03 05:30:00,2026-01-03,5,True,-62.16,100.73,0.0,75.38,82.11,0.0,0.0,0.0,0.0,14.5,0.0,False,S2
2026-01-03 05:30:00,2026-01-03,5,True,-62.16,100.73,0.0,75.38,82.11,0.0,0.0,0.0,0.0,14.5,0.0,False,S_BE_OPT
2026-01-03 05:45:00,2026-01-03,5,True,-65.81,117.04,0.0,75.17,81.98,0.0,0.0,0.0,0.0,14.5,0.0,False,S1
2026-01-03 05:45:00,2026-01-03,5,True,-65.81,117.04,0.0,75.17,81.98,0.0,0.0,0.0,0.0,14.5,0.0,False,S2
2026-01-03 05:45:00,2026-01-03,5,True,-65.81,117.04,0.0,75.17,81.98,0.0,0.0,0.0,0.0,14.5,0.0,False,S_BE_OPT
2026-01-03 06:00:00,2026-01-03,6,True,118.24,30.67,0.0,71.51,83.04,0.0,0.0,0.0,0.0,14.5,0.0,False,S1
2026-01-03 06:00:00,2026-01-03,6,True,118.24,30.67,0.0,71.51,83.04,0.0,0.0,0.0,0.0,14.5,0.0,False,S2
2026-01-03 06:00:00,2026-01-03,6,True,118.24,30.67,0.0,71.51,83.04,0.0,0.0,0.0,0.0,14.5,0.0,False,S_BE_OPT
2026-01-03 06:15:00,2026-01-03,6,True,103.64,23.47,0.0,71.34,82.11,0.0,0.0,0.0,0.0,14.5,0.0,False,S1
2026-01-03 06:15:00,2026-01-03,6,True,103.64,23.47,0.0,71.34,82.11,0.0,0.0,0.0,0.0,14.5,0.0,False,S2
2026-01-03 06:15:00,2026-01-03,6,True,103.64,23.47,0.0,71.34,82.11,0.0,0.0,0.0,0.0,14.5,0.0,False,S_BE_OPT
2026-01-03 06:30:00,2026-01-03,6,True,144.67,24.66,0.0,71.98,80.43,0.0,0.0,0.0,0.0,14.5,0.0,False,S1
2026-01-03 06:30:00,2026-01-03,6,True,144.67,24.66,0.0,71.98,80.43,0.0,0.0,0.0,0.0,14.5,0.0,False,S2
2026-01-03 06:30:00,2026-01-03,6,True,144.67,24.66,0.0,71.98,80.43,0.0,0.0,0.0,0.0,14.5,0.0,False,S_BE_OPT
2026-01-03 06:45:00,2026-01-03,6,True,102.0,32.01,0.0,72.5,81.31,0.0,0.0,0.0,0.0,14.5,0.0,False,S1
2026-01-03 06:45:00,2026-01-03,6,True,102.0,32.01,0.0,72.5,81.31,0.0,0.0,0.0,0.0,14.5,0.0,False,S2
2026-01-03 06:45:00,2026-01-03,6,True,102.0,32.01,0.0,72.5,81.31,0.0,0.0,0.0,0.0,14.5,0.0,False,S_BE_OPT
2026-01-03 07:00:00,2026-01-03,7,True,108.85,60.56,0.0,70.82,83.93,0.0,2.75,0.0,2.75,17.25,0.16654,False,S1
2026-01-03 07:00:00,2026-01-03,7,True,108.85,60.56,0.0,70.82,83.93,0.0,2.75,0.0,2.75,17.25,0.16654,False,S2
2026-01-03 07:00:00,2026-01-03,7,True,108.85,60.56,0.0,70.82,83.93,0.0,2.75,0.0,2.75,17.25,0.16654,False,S_BE_OPT
2026-01-03 07:15:00,2026-01-03,7,True,18.28,83.27,0.0,70.94,82.21,0.0,2.75,0.0,2.75,20.0,0.228992,False,S1
2026-01-03 07:15:00,2026-01-03,7,True,18.28,83.27,0.0,70.94,82.21,0.0,2.75,0.0,2.75,20.0,0.228992,False,S2
2026-01-03 07:15:00,2026-01-03,7,True,18.28,83.27,0.0,70.94,82.21,0.0,2.75,0.0,2.75,20.0,0.228992,False,S_BE_OPT
2026-01-03 07:30:00,2026-01-03,7,True,171.61,71.75,0.0,70.44,82.19,0.0,2.75,0.0,2.75,22.75,0.197313,False,S1
2026-01-03 07:30:00,2026-01-03,7,True,171.61,71.75,0.0,70.44,82.19,0.0,2.75,0.0,2.75,22.75,0.197313,False,S2
2026-01-03 07:30:00,2026-01-03,7,True,171.61,71.75,0.0,70.44,82.19,0.0,2.75,0.0,2.75,22.75,0.197313,False,S_BE_OPT
2026-01-03 07:45:00,2026-01-03,7,True,207.59,70.29,0.0,67.38,83.21,0.0,2.75,0.0,2.75,25.5,0.193298,False,S1
2026-01-03 07:45:00,2026-01-03,7,True,207.59,70.29,0.0,67.38,83.21,0.0,2.75,0.0,2.75,25.5,0.193298,False,S2
2026-01-03 07:45:00,2026-01-03,7,True,207.59,70.29,0.0,67.38,83.21,0.0,2.75,0.0,2.75,25.5,0.193298,False,S_BE_OPT
2026-01-03 08:00:00,2026-01-03,8,True,57.63,56.25,0.0,66.07,85.21,0.0,2.75,0.0,2.75,28.25,0.154688,False,S1
2026-01-03 08:00:00,2026-01-03,8,True,57.63,56.25,0.0,66.07,85.21,0.0,2.75,0.0,2.75,28.25,0.154688,False,S2
2026-01-03 08:00:00,2026-01-03,8,True,57.63,56.25,0.0,66.07,85.21,0.0,2.75,0.0,2.75,28.25,0.154688,False,S_BE_OPT
2026-01-03 08:15:00,2026-01-03,8,True,98.91,87.88,0.0,64.17,83.3,0.0,2.75,0.0,2.75,31.0,0.24167,False,S1
2026-01-03 08:15:00,2026-01-03,8,True,98.91,87.88,0.0,64.17,83.3,0.0,2.75,0.0,2.75,31.0,0.24167,False,S2
2026-01-03 08:15:00,2026-01-03,8,True,98.91,87.88,0.0,64.17,83.3,0.0,2.75,0.0,2.75,31.0,0.24167,False,S_BE_OPT
2026-01-03 08:30:00,2026-01-03,8,True,58.11,100.07,0.0,64.42,83.87,0.0,2.0,0.0,2.0,33.0,0.20014,False,S1
2026-01-03 08:30:00,2026-01-03,8,True,58.11,100.07,0.0,64.42,83.87,0.0,2.0,0.0,2.0,33.0,0.20014,False,S2
2026-01-03 08:30:00,2026-01-03,8,True,58.11,100.07,0.0,64.42,83.87,0.0,2.0,0.0,2.0,33.0,0.20014,False,S_BE_OPT
2026-01-03 08:45:00,2026-01-03,8,True,21.52,93.37,0.0,64.6,85.26,0.0,0.0,0.0,0.0,33.0,0.0,False,S1
2026-01-03 08:45:00,2026-01-03,8,True,21.52,93.37,0.0,64.6,85.26,0.0,0.0,0.0,0.0,33.0,0.0,False,S2
2026-01-03 08:45:00,2026-01-03,8,True,21.52,93.37,0.0,64.6,85.26,0.0,0.0,0.0,0.0,33.0,0.0,False,S_BE_OPT
2026-01-03 09:00:00,2026-01-03,9,True,125.84,72.96,0.0,71.12,78.8,0.0,0.0,0.0,0.0,33.0,0.0,False,S1
2026-01-03 09:00:00,2026-01-03,9,True,125.84,72.96,0.0,71.12,78.8,0.0,0.0,0.0,0.0,33.0,0.0,False,S2
2026-01-03 09:00:00,2026-01-03,9,True,125.84,72.96,0.0,71.12,78.8,0.0,0.0,0.0,0.0,33.0,0.0,False,S_BE_OPT
2026-01-03 09:15:00,2026-01-03,9,True,128.77,72.47,0.0,72.36,75.59,0.0,0.0,0.0,0.0,33.0,0.0,False,S1
2026-01-03 09:15:00,2026-01-03,9,True,128.77,72.47,0.0,72.36,75.59,0.0,0.0,0.0,0.0,33.0,0.0,False,S2
2026-01-03 09:15:00,2026-01-03,9,True,128.77,72.47,0.0,72.36,75.59,0.0,0.0,0.0,0.0,33.0,0.0,False,S_BE_OPT
2026-01-03 09:30:00,2026-01-03,9,True,174.06,72.96,0.0,70.2,75.41,0.0,0.0,0.0,0.0,33.0,0.0,False,S1
2026-01-03 09:30:00,2026-01-03,9,True,174.06,72.96,0.0,70.2,75.41,0.0,0.0,0.0,0.0,33.0,0.0,False,S2
2026-01-03 09:30:00,2026-01-03,9,True,174.06,72.96,0.0,70.2,75.41,0.0,0.0,0.0,0.0,33.0,0.0,False,S_BE_OPT
2026-01-03 09:45:00,2026-01-03,9,True,195.56,72.38,0.0,70.85,76.02,0.0,0.0,0.0,0.0,33.0,0.0,False,S1
2026-01-03 09:45:00,2026-01-03,9,True,195.56,72.38,0.0,70.85,76.02,0.0,0.0,0.0,0.0,33.0,0.0,False,S2
2026-01-03 09:45:00,2026-01-03,9,True,195.56,72.38,0.0,70.85,76.02,0.0,0.0,0.0,0.0,33.0,0.0,False,S_BE_OPT
2026-01-03 10:00:00,2026-01-03,10,True,128.81,83.31,0.0,67.02,74.75,0.75,0.0,0.0,0.0,32.25,0.0,False,S1
2026-01-03 10:00:00,2026-01-03,10,True,128.81,83.31,0.0,67.02,74.75,0.75,0.0,0.0,0.0,32.25,0.0,False,S2
2026-01-03 10:00:00,2026-01-03,10,True,128.81,83.31,0.0,67.02,74.75,0.75,0.0,0.0,0.0,32.25,0.0,False,S_BE_OPT
2026-01-03 10:15:00,2026-01-03,10,True,105.09,65.84,0.0,69.22,74.21,0.75,0.0,0.0,0.0,31.5,0.0,False,S1
2026-01-03 10:15:00,2026-01-03,10,True,105.09,65.84,0.0,69.22,74.21,0.75,0.0,0.0,0.0,31.5,0.0,False,S2
2026-01-03 10:15:00,2026-01-03,10,True,105.09,65.84,0.0,69.22,74.21,0.75,0.0,0.0,0.0,31.5,0.0,False,S_BE_OPT
2026-01-03 10:30:00,2026-01-03,10,True,87.59,104.52,0.0,69.06,76.63,0.75,0.0,0.0,0.0,30.75,0.0,False,S1
2026-01-03 10:30:00,2026-01-03,10,True,87.59,104.52,0.0,69.06,76.63,0.75,0.0,0.0,0.0,30.75,0.0,False,S2
2026-01-03 10:30:00,2026-01-03,10,True,87.59,104.52,0.0,69.06,76.63,0.75,0.0,0.0,0.0,30.75,0.0,False,S_BE_OPT
2026-01-03 10:45:00,2026-01-03,10,True,84.06,102.72,0.0,68.61,77.37,0.75,0.0,0.0,0.0,30.0,0.0,False,S1
2026-01-03 10:45:00,2026-01-03,10,True,84.06,102.72,0.0,68.61,77.37,0.75,0.0,0.0,0.0,30.0,0.0,False,S2
2026-01-03 10:45:00,2026-01-03,10,True,84.06,102.72,0.0,68.61,77.37,0.75,0.0,0.0,0.0,30.0,0.0,False,S_BE_OPT
2026-01-03 11:00:00,2026-01-03,11,True,114.83,84.94,0.0,69.37,78.59,0.75,0.0,0.0,0.0,29.25,0.0,False,S1
2026-01-03 11:00:00,2026-01-03,11,True,114.83,84.94,0.0,69.37,78.59,0.75,0.0,0.0,0.0,29.25,0.0,False,S2
2026-01-03 11:00:00,2026-01-03,11,True,114.83,84.94,0.0,69.37,78.59,0.75,0.0,0.0,0.0,29.25,0.0,False,S_BE_OPT
2026-01-03 11:15:00,2026-01-03,11,True,188.02,68.77,0.0,68.7,81.03,0.75,0.0,0.0,0.0,28.5,0.0,False,S1
2026-01-03 11:15:00,2026-01-03,11,True,188.02,68.77,0.0,68.7,81.03,0.75,0.0,0.0,0.0,28.5,0.0,False,S2
2026-01-03 11:15:00,2026-01-03,11,True,188.02,68.77,0.0,68.7,81.03,0.75,0.0,0.0,0.0,28.5,0.0,False,S_BE_OPT
2026-01-03 11:30:00,2026-01-03,11,True,163.53,95.94,0.0,69.94,81.76,0.75,0.0,0.0,0.0,27.75,0.0,False,S1
2026-01-03 11:30:00,2026-01-03,11,True,163.53,95.94,0.0,69.94,81.76,0.75,0.0,0.0,0.0,27.75,0.0,False,S2
2026-01-03 11:30:00,2026-01-03,11,True,163.53,95.94,0.0,69.94,81.76,0.75,0.0,0.0,0.0,27.75,0.0,False,S_BE_OPT
2026-01-03 11:45:00,2026-01-03,11,True,128.34,96.6,0.0,67.85,81.06,0.75,0.0,0.0,0.0,27.0,0.0,False,S1
2026-01-03 11:45:00,2026-01-03,11,True,128.34,96.6,0.0,67.85,81.06,0.75,0.0,0.0,0.0,27.0,0.0,False,S2
2026-01-03 11:45:00,2026-01-03,11,True,128.34,96.6,0.0,67.85,81.06,0.75,0.0,0.0,0.0,27.0,0.0,False,S_BE_OPT
2026-01-03 12:00:00,2026-01-03,12,True,201.58,77.08,0.0,69.17,81.2,0.75,0.0,0.0,0.0,26.25,0.0,False,S1
2026-01-03 12:00:00,2026-01-03,12,True,201.58,77.08,0.0,69.17,81.2,0.75,0.0,0.0,0.0,26.25,0.0,False,S2
2026-01-03 12:00:00,2026-01-03,12,True,201.58,77.08,0.0,69.17,81.2,0.75,0.0,0.0,0.0,26.25,0.0,False,S_BE_OPT
2026-01-03 12:15:00,2026-01-03,12,True,237.18,77.22,0.0,70.13,79.95,0.75,0.0,0.0,0.0,25.5,0.0,False,S1
2026-01-03 12:15:00,2026-01-03,12,True,237.18,77.22,0.0,70.13,79.95,0.75,0.0,0.0,0.0,25.5,0.0,False,S2
2026-01-03 12:15:00,2026-01-03,12,True,237.18,77.22,0.0,70.13,79.95,0.75,0.0,0.0,0.0,25.5,0.0,False,S_BE_OPT
2026-01-03 12:30:00,2026-01-03,12,True,125.31,77.8,0.0,69.7,78.82,0.75,0.0,0.0,0.0,24.75,0.0,False,S1
2026-01-03 12:30:00,2026-01-03,12,True,125.31,77.8,0.0,69.7,78.82,0.75,0.0,0.0,0.0,24.75,0.0,False,S2
2026-01-03 12:30:00,2026-01-03,12,True,125.31,77.8,0.0,69.7,78.82,0.75,0.0,0.0,0.0,24.75,0.0,False,S_BE_OPT
2026-01-03 12:45:00,2026-01-03,12,True,134.61,76.95,0.0,69.08,79.59,0.75,0.0,0.0,0.0,24.0,0.0,False,S1
2026-01-03 12:45:00,2026-01-03,12,True,134.61,76.95,0.0,69.08,79.59,0.75,0.0,0.0,0.0,24.0,0.0,False,S2
2026-01-03 12:45:00,2026-01-03,12,True,134.61,76.95,0.0,69.08,79.59,0.75,0.0,0.0,0.0,24.0,0.0,False,S_BE_OPT
2026-01-03 13:00:00,2026-01-03,13,True,118.83,86.3,0.0,68.93,80.42,0.75,0.0,0.0,0.0,23.25,0.0,False,S1
2026-01-03 13:00:00,2026-01-03,13,True,118.83,86.3,0.0,68.93,80.42,0.75,0.0,0.0,0.0,23.25,0.0,False,S2
2026-01-03 13:00:00,2026-01-03,13,True,118.83,86.3,0.0,68.93,80.42,0.75,0.0,0.0,0.0,23.25,0.0,False,S_BE_OPT
2026-01-03 13:15:00,2026-01-03,13,True,49.56,77.6,0.0,68.11,80.11,0.75,0.0,0.0,0.0,22.5,0.0,False,S1
2026-01-03 13:15:00,2026-01-03,13,True,49.56,77.6,0.0,68.11,80.11,0.75,0.0,0.0,0.0,22.5,0.0,False,S2
2026-01-03 13:15:00,2026-01-03,13,True,49.56,77.6,0.0,68.11,80.11,0.75,0.0,0.0,0.0,22.5,0.0,False,S_BE_OPT
2026-01-03 13:30:00,2026-01-03,13,True,3.9,71.94,0.0,68.19,81.09,0.75,0.0,0.0,0.0,21.75,0.0,False,S1
2026-01-03 13:30:00,2026-01-03,13,True,3.9,71.94,0.0,68.19,81.09,0.75,0.0,0.0,0.0,21.75,0.0,False,S2
2026-01-03 13:30:00,2026-01-03,13,True,3.9,71.94,0.0,68.19,81.09,0.75,0.0,0.0,0.0,21.75,0.0,False,S_BE_OPT
2026-01-03 13:45:00,2026-01-03,13,True,34.92,48.87,0.0,69.05,80.24,0.75,0.0,0.0,0.0,21.0,0.0,False,S1
2026-01-03 13:45:00,2026-01-03,13,True,34.92,48.87,0.0,69.05,80.24,0.75,0.0,0.0,0.0,21.0,0.0,False,S2
2026-01-03 13:45:00,2026-01-03,13,True,34.92,48.87,0.0,69.05,80.24,0.75,0.0,0.0,0.0,21.0,0.0,False,S_BE_OPT
2026-01-03 14:00:00,2026-01-03,14,True,40.91,63.75,0.0,68.04,80.11,0.75,0.0,0.0,0.0,20.25,0.0,False,S1
2026-01-03 14:00:00,2026-01-03,14,True,40.91,63.75,0.0,68.04,80.11,0.75,0.0,0.0,0.0,20.25,0.0,False,S2
2026-01-03 14:00:00,2026-01-03,14,True,40.91,63.75,0.0,68.04,80.11,0.75,0.0,0.0,0.0,20.25,0.0,False,S_BE_OPT
2026-01-03 14:15:00,2026-01-03,14,True,188.59,77.73,0.0,68.92,79.56,0.75,0.0,0.0,0.0,19.5,0.0,False,S1
2026-01-03 14:15:00,2026-01-03,14,True,188.59,77.73,0.0,68.92,79.56,0.75,0.0,0.0,0.0,19.5,0.0,False,S2
2026-01-03 14:15:00,2026-01-03,14,True,188.59,77.73,0.0,68.92,79.56,0.75,0.0,0.0,0.0,19.5,0.0,False,S_BE_OPT
2026-01-03 14:30:00,2026-01-03,14,True,46.82,86.97,0.0,68.37,78.88,0.75,0.0,0.0,0.0,18.75,0.0,False,S1
2026-01-03 14:30:00,2026-01-03,14,True,46.82,86.97,0.0,68.37,78.88,0.75,0.0,0.0,0.0,18.75,0.0,False,S2
2026-01-03 14:30:00,2026-01-03,14,True,46.82,86.97,0.0,68.37,78.88,0.75,0.0,0.0,0.0,18.75,0.0,False,S_BE_OPT
2026-01-03 14:45:00,2026-01-03,14,True,34.69,51.75,0.0,68.86,82.11,0.75,0.0,0.0,0.0,18.0,0.0,False,S1
2026-01-03 14:45:00,2026-01-03,14,True,34.69,51.75,0.0,68.86,82.11,0.75,0.0,0.0,0.0,18.0,0.0,False,S2
2026-01-03 14:45:00,2026-01-03,14,True,34.69,51.75,0.0,68.86,82.11,0.75,0.0,0.0,0.0,18.0,0.0,False,S_BE_OPT
