date,s1_total,s1_da,s1_imb,s2_total,s2_da,s2_imb,s2_curt,s3_total,s3_da,s3_imb,s3_curt,n_solar_qh,prod_mwh_day
2025-01-01,4.053482546353205,4.393644624701167,-0.34016207834796214,1.5687946154658188,2.7436208797570893,-1.1748262642912706,0,-0.8690097766771796,0.43936446247011685,-1.3083742391472968,0,28,0.16912
2025-01-02,87.12820184688832,78.71996698036892,8.408234866519404,87.12820184688832,78.71996698036892,8.408234866519404,0,68.10810451262634,7.871996698036892,60.23610781458944,0,33,0.6646
2025-01-03,44.59288526924934,49.45880554945409,-4.865920280204747,44.59288526924934,49.45880554945409,-4.865920280204747,0,12.465297280049931,4.9458805549454095,7.519416725104522,0,30,0.40573
2025-01-04,50.29977925882853,48.25044675553127,2.049332503297252,50.29977925882853,48.25044675553127,2.049332503297252,0,43.084973928570356,4.825044675553128,38.25992925301722,0,22,0.40184
2025-01-05,10.39670507776447,10.476274179337905,-0.07956910157343655,10.39670507776447,10.476274179337905,-0.07956910157343655,0,52.57130734627645,1.0476274179337906,51.52367992834265,0,24,0.17387
2025-01-06,27.771160676429204,19.773309941338226,7.997850735090975,27.771160676429204,19.773309941338226,7.997850735090975,0,50.30226583051791,1.977330994133823,48.324934836384095,0,29,0.5334899999999999
2025-01-07,8.85457384272247,11.199018675205982,-2.3444448324835117,8.85457384272247,11.199018675205982,-2.3444448324835117,0,16.352186586709745,1.1199018675205983,15.232284719189147,0,18,0.11659
2025-01-08,97.1402343924174,88.21309089185107,8.927143500566345,97.1402343924174,88.21309089185107,8.927143500566345,0,166.62772530286674,8.821309089185107,157.80641621368164,0,31,0.84104
2025-01-09,148.01853306872215,194.40925069897645,-46.39071763025427,148.01853306872215,194.40925069897645,-46.39071763025427,0,561.0427142849348,19.440925069897645,541.6017892150371,0,31,1.85846
2025-01-10,77.00488397774669,82.82320364187159,-5.818319664124898,77.00488397774669,82.82320364187159,-5.818319664124898,0,84.98562974189966,8.282320364187159,76.7033093777125,0,35,0.68177
2025-01-11,69.77279151751854,46.506851898194725,23.265939619323824,69.77279151751854,46.506851898194725,23.265939619323824,0,87.36817331550185,4.650685189819471,82.7174881256824,0,31,0.55841
2025-01-12,59.64016184406127,45.01791586544648,14.622245978614787,59.64016184406127,45.01791586544648,14.622245978614787,0,63.73412891715613,4.501791586544648,59.23233733061148,0,34,0.52372
2025-01-13,24.40985678828233,22.645627856489554,1.764228931792775,24.40985678828233,22.645627856489554,1.764228931792775,0,18.870590922015733,2.2645627856489554,16.606028136366778,0,27,0.21758
2025-01-14,211.55618124989792,299.0323041204068,-87.47612287050887,211.55618124989792,299.0323041204068,-87.47612287050887,0,308.6810567998648,29.90323041204068,278.7778263878241,0,35,2.0346599999999997
2025-01-15,232.2666842108718,197.26976743564185,34.99691677522992,232.2666842108718,197.26976743564185,34.99691677522992,0,223.5271334674622,19.726976743564187,203.800156723898,0,31,0.90051
2025-01-16,198.1813876289165,223.5249192520102,-25.3435316230937,198.1813876289165,223.5249192520102,-25.3435316230937,0,275.1740782180791,22.35249192520102,252.82158629287812,0,35,1.47592
2025-01-17,80.60949847260828,101.16802206683082,-20.55852359422253,80.60949847260828,101.16802206683082,-20.55852359422253,0,162.55976238688584,10.116802206683083,152.44296018020273,0,29,0.67685
2025-01-18,209.79485057673492,253.71661845009174,-43.92176787335683,209.79485057673492,253.71661845009174,-43.92176787335683,0,361.56119939479845,25.37166184500918,336.1895375497893,0,35,1.7810899999999998
2025-01-19,415.86356131651723,560.2374505566328,-144.37388924011555,415.86356131651723,560.2374505566328,-144.37388924011555,0,652.0872281898393,56.02374505566328,596.063483134176,0,35,3.82927
2025-01-20,841.1507812385296,842.6646743585284,-1.5138931199988122,841.1507812385296,842.6646743585284,-1.5138931199988122,0,1422.538819578353,84.26646743585285,1338.2723521425,0,35,3.7297700000000003
2025-01-21,676.5210879362256,485.690875553108,190.83021238311758,676.5210879362256,485.690875553108,190.83021238311758,0,799.5019805342477,48.56908755531081,750.9328929789367,0,35,3.61974
2025-01-22,86.17956521648202,87.92541208052441,-1.7458468640423852,86.17956521648202,87.92541208052441,-1.7458468640423852,0,80.0646515578357,8.792541208052441,71.27211034978326,0,31,0.48823000000000005
2025-01-23,64.01432400146729,75.96110502588262,-11.946781024415326,64.01432400146729,75.96110502588262,-11.946781024415326,0,42.825683781521725,7.59611050258826,35.229573278933465,0,33,0.51193
2025-01-24,32.30830299379644,29.562294053240272,2.7460089405561687,32.30830299379644,29.562294053240272,2.7460089405561687,0,25.503840670504644,2.956229405324027,22.547611265180617,0,34,0.42515000000000003
2025-01-25,31.42827877551807,32.12285630239484,-0.6945775268767689,31.42827877551807,32.12285630239484,-0.6945775268767689,0,44.31331319405181,3.212285630239484,41.10102756381232,0,27,0.41354
2025-01-26,21.87137103195026,37.49605492966381,-15.624683897713547,21.87137103195026,37.49605492966381,-15.624683897713547,0,59.204704007257526,3.749605492966381,55.455098514291144,0,30,0.35028000000000004
2025-01-27,26.94048364687058,17.080362200681186,9.860121446189392,26.94048364687058,17.080362200681186,9.860121446189392,0,17.374118388187057,1.7080362200681187,15.666082168118939,0,30,0.44015000000000004
2025-01-28,43.743449602019325,49.07347341222485,-5.330023810205526,43.743449602019325,49.07347341222485,-5.330023810205526,0,42.61226429170193,4.9073473412224855,37.70491695047944,0,35,0.48534000000000005
2025-01-29,253.96283369805366,295.3173352829865,-41.354501584932834,253.96283369805366,295.3173352829865,-41.354501584932834,0,422.48121657861793,29.531733528298652,392.9494830503192,0,35,3.24568
2025-01-30,48.75452569311261,44.37542568920072,4.379100003911894,48.75452569311261,44.37542568920072,4.379100003911894,0,40.10566237049876,4.4375425689200725,35.66811980157869,0,31,0.3906799999999999
2025-01-31,96.91509030938393,89.36670879920456,7.548381510179356,96.91509030938393,89.36670879920456,7.548381510179356,0,62.93722991587589,8.936670879920456,54.00055903595543,0,35,0.8166899999999999
2025-02-01,105.6367896827736,93.98736731369245,11.649422369081151,105.6367896827736,93.98736731369245,11.649422369081151,0,147.53867692633986,9.398736731369246,138.13994019497062,0,35,0.82931
2025-02-02,35.00883550807076,35.004403379326405,0.004432128744348677,35.00883550807076,35.004403379326405,0.004432128744348677,0,28.059680071807072,3.500440337932641,24.559239733874435,0,29,0.29496
2025-02-03,261.60567898252015,246.5283760308026,15.077302951717595,261.60567898252015,246.5283760308026,15.077302951717595,0,231.57949448562704,24.65283760308026,206.92665688254675,0,35,1.74551
2025-02-04,100.56461147648218,118.68921146644081,-18.124599989958632,100.56461147648218,118.68921146644081,-18.124599989958632,0,178.1856324845857,11.868921146644082,166.31671133794163,0,34,0.7080500000000001
2025-02-05,180.41271534167643,216.02928239974676,-35.61656705807033,180.41271534167643,216.02928239974676,-35.61656705807033,0,407.7571451480427,21.602928239974677,386.15421690806795,0,35,1.4134200000000001
2025-02-06,153.69016777485078,169.38722989182023,-15.697062116969452,153.69016777485078,169.38722989182023,-15.697062116969452,0,118.20449674986008,16.938722989182022,101.26577376067806,0,33,0.9658100000000001
2025-02-07,293.95687171252405,573.8089706762017,-279.8520989636777,293.95687171252405,573.8089706762017,-279.8520989636777,0,564.5481268036274,57.38089706762018,507.16722973600724,0,34,3.0715500000000002
2025-02-08,45.965687662615295,72.51277677441877,-26.547089111803473,45.965687662615295,72.51277677441877,-26.547089111803473,0,17.67967810238653,7.251277677441878,10.42840042494465,0,33,0.47745
2025-02-09,209.2065448937655,215.47037490126462,-6.263830007499108,209.2065448937655,215.47037490126462,-6.263830007499108,0,163.17561609606406,21.547037490126463,141.6285786059376,0,35,1.63501
2025-02-10,61.686780106079425,83.7949959550595,-22.108215848980066,61.686780106079425,83.7949959550595,-22.108215848980066,0,116.50694108710795,8.37949959550595,108.12744149160199,0,32,0.47918
2025-02-11,178.22891270832417,385.94439462893394,-207.71548192060982,178.22891270832417,385.94439462893394,-207.71548192060982,0,634.0128621812074,38.5944394628934,595.4184227183141,0,35,1.76485
2025-02-12,397.4948832950247,402.36248083747546,-4.867597542450746,397.4948832950247,402.36248083747546,-4.867597542450746,0,598.3596851772525,40.23624808374754,558.1234370935049,0,35,2.54934
2025-02-13,590.9993221039202,932.6905094000115,-341.69118729609136,590.9993221039202,932.6905094000115,-341.69118729609136,0,753.2194835406419,93.26905094000116,659.9504326006409,0,39,3.6410800000000005
2025-02-14,745.4342346969966,805.001087175681,-59.566852478684375,745.4342346969966,805.001087175681,-59.566852478684375,0,892.4230565015122,80.5001087175681,811.9229477839441,0,39,4.5933
2025-02-15,570.0029317458617,498.6464589436907,71.35647280217097,570.0029317458617,498.6464589436907,71.35647280217097,0,576.6683768125862,49.864645894369076,526.8037309182172,0,39,4.6924600000000005
2025-02-16,552.8118946044553,604.7464831421343,-51.934588537678934,552.8118946044553,604.7464831421343,-51.934588537678934,0,304.42724084413305,60.474648314213425,243.95259252991957,0,39,4.54481
2025-02-17,597.2831899866353,659.9643922048774,-62.68120221824213,597.2831899866353,659.9643922048774,-62.68120221824213,0,748.3781908146635,65.99643922048774,682.3817515941757,0,39,4.60693
2025-02-18,560.7327061325818,586.2953451054245,-25.562638972842525,560.7327061325818,586.2953451054245,-25.562638972842525,0,524.4187923025706,58.62953451054244,465.78925779202825,0,39,4.6627
2025-02-19,457.9760147949488,465.4335090674231,-7.457494272474237,457.9760147949488,465.4335090674231,-7.457494272474237,0,574.067242794245,46.54335090674231,527.5238918875025,0,39,3.83894
2025-02-20,327.9984232340728,318.5022979188116,9.496125315261185,327.9984232340728,318.5022979188116,9.496125315261185,0,345.2288807110323,31.850229791881162,313.37865091915114,0,39,3.47845
2025-02-21,265.50930100550175,367.44144913257696,-101.93214812707517,265.50930100550175,367.44144913257696,-101.93214812707517,0,414.1435577507377,36.74414491325769,377.39941283748,0,39,4.06383
2025-02-22,62.09213648874254,74.19323275015333,-12.101096261410795,62.09213648874254,74.19323275015333,-12.101096261410795,0,124.92189138568675,7.4193232750153335,117.5025681106714,0,39,0.94758
2025-02-23,325.23144940013015,325.0684336622363,0.16301573789383395,325.23144940013015,325.0684336622363,0.16301573789383395,0,76.15332967545052,32.506843366223634,43.64648630922689,0,41,4.84443
2025-02-24,399.3444974869202,370.98632677448774,28.358170712432475,399.3444974869202,370.98632677448774,28.358170712432475,0,277.41427075406705,37.09863267744878,240.31563807661826,0,41,4.80851
2025-02-25,576.0044400193192,514.254528703641,61.74991131567821,576.0044400193192,514.254528703641,61.74991131567821,0,423.813704092182,51.42545287036411,372.3882512218178,0,42,4.764390000000001
2025-02-26,567.6344464256885,601.2495267706555,-33.615080344967105,567.6344464256885,601.2495267706555,-33.615080344967105,0,465.05708934675636,60.12495267706556,404.93213666969075,0,42,4.79444
2025-02-27,573.3436703698272,578.7168711754466,-5.3732008056194696,573.3436703698272,578.7168711754466,-5.3732008056194696,0,586.3523331995452,57.871687117544674,528.4806460820005,0,42,4.897869999999999
2025-02-28,152.53114855899042,145.46165523671402,7.069493322276388,152.53114855899042,145.46165523671402,7.069493322276388,0,134.28601784252402,14.546165523671405,119.73985231885264,0,42,1.23828
2025-03-01,43.70283595969955,42.90987558766354,0.7929603720360121,43.70283595969955,42.90987558766354,0.7929603720360121,0,55.19144525540746,4.290987558766354,50.900457696641105,0,37,0.41183000000000003
2025-03-02,45.402441015820884,46.85577825380048,-1.4533372379796021,36.54794749746313,46.947572812579445,-10.399625315116316,0,4.126741532144589,4.685577825380047,-0.5588362932354585,0,43,0.7530399999999999
2025-03-03,39.96794822426272,40.212683551647125,-0.24473532738439469,42.534575245759285,40.007722868382004,2.5268523773772817,0,38.201428898238774,4.021268355164712,34.18016054307406,0,42,0.4976
2025-03-04,122.91371865101124,140.2403929145671,-17.326674263555866,126.96275596758255,137.2942204226606,-10.331464455078041,0,113.95765138847614,14.02403929145671,99.93361209701942,0,43,1.90938
2025-03-05,91.13282603529451,102.3443883461459,-11.21156231085139,202.6706200209748,123.9953278415975,78.6752921793773,0,126.93142245102945,10.234438834614592,116.69698361641485,0,42,2.37603
2025-03-06,31.88048979794071,35.12237665601687,-3.2418868580761577,27.434346703386364,35.46406337001299,-8.029716666626626,0,20.215407950294072,3.512237665601687,16.703170284692384,0,41,0.55558
2025-03-07,154.42935018530022,162.6704097620126,-8.241059576712392,151.63548076220593,160.69636612161167,-9.060885359405793,0,72.33145499171752,16.26704097620126,56.06441401551626,0,43,1.92659
2025-03-08,91.01450050132286,97.71381063039942,-6.699310129076574,-55.1619295126008,95.32244900420511,-150.48437851680592,0,-50.013075285742715,9.771381063039945,-59.78445634878264,0,41,3.41099
2025-03-09,12.06358974038546,11.081551158430198,0.9820385819552597,-114.05604713828599,14.07954711086607,-128.13559424915206,0,-106.75391908046147,1.10815511584302,-107.86207419630448,0,39,1.3756599999999999
2025-03-10,110.27289748792191,149.484061419579,-39.21116393165708,110.27289748792191,149.484061419579,-39.21116393165708,0,163.9205869204797,14.9484061419579,148.97218077852176,0,41,1.4098899999999999
2025-03-11,289.9277217807562,384.06249363303164,-94.13477185227539,289.9277217807562,384.06249363303164,-94.13477185227539,0,388.73183142451313,38.40624936330316,350.32558206120996,0,43,2.87976
2025-03-12,218.82686212224053,275.96126111727415,-57.13439899503358,218.82686212224053,275.96126111727415,-57.13439899503358,0,271.34658919416154,27.59612611172741,243.75046308243412,0,43,2.08765
2025-03-13,134.4785516507582,154.69830927065772,-20.219757619899532,134.4785516507582,154.69830927065772,-20.219757619899532,0,136.72643586201332,15.469830927065772,121.25660493494755,0,39,1.11354
2025-03-14,134.18020259609332,144.60466938347366,-10.424466787380323,134.18020259609332,144.60466938347366,-10.424466787380323,0,111.13256588023432,14.460466938347365,96.67209894188697,0,40,1.1736900000000001
2025-03-15,24.443983095981352,27.12306683003159,-2.6790837340502347,24.443983095981352,27.12306683003159,-2.6790837340502347,0,-3.2711657687768647,2.712306683003159,-5.983472451780023,0,36,0.34514999999999996
2025-03-16,31.726261096739982,31.90239199996541,-0.17613090322542513,5.781881944545085,33.33099166480274,-27.54910972025765,0,-1.1313299238885026,3.190239199996541,-4.321569123885043,0,43,1.0411299999999999
2025-03-17,192.74964846534533,325.9359870105568,-133.18633854521156,192.74964846534533,325.9359870105568,-133.18633854521156,0,408.640582483097,32.59359870105568,376.0469837820413,0,43,2.87594
2025-03-18,114.58612694142278,116.72492543939896,-2.1387984979761843,99.30650746971682,117.88661072307096,-18.58010325335415,0,75.32028936664229,11.672492543939896,63.64779682270239,0,46,2.5320799999999997
2025-03-19,183.66283299838256,193.3186233605589,-9.65579036217633,191.61251445909807,183.95435052335498,7.658163935743084,0,170.76519636121327,19.33186233605589,151.43333402515736,0,45,3.27874
2025-03-20,171.14171167941356,177.45317453825578,-6.311462858842232,199.1094150621579,172.71072358721005,26.39869147494786,0,145.21911448750384,17.745317453825578,127.47379703367827,0,47,4.17966
2025-03-21,72.22127320000467,201.16540007146187,-128.94412687145723,379.26668584666004,199.91491909430485,179.3517667523552,0,610.191791757438,20.11654000714619,590.0752517502917,0,47,5.59347
2025-03-22,145.40525862406076,146.1265031284098,-0.7212445043490381,196.4145428968628,105.31409774517041,91.10044515169238,0,265.7017593120311,14.612650312840984,251.0891089991901,0,47,5.75512
2025-03-23,33.831241225410906,35.60069529206327,-1.7694540666523686,-19.217511805829275,28.33173590947814,-47.549247715307416,0,-98.5891045857089,3.560069529206327,-102.14917411491524,0,45,1.24664
2025-03-24,350.73812313056874,536.9360639686183,-186.19794083804965,350.73812313056874,536.9360639686183,-186.19794083804965,0,666.962546640807,53.69360639686184,613.268940243945,0,47,3.98335
2025-03-25,273.1713414018907,309.5903586764841,-36.4190172745934,273.1713414018907,309.5903586764841,-36.4190172745934,0,-22.20683767087341,30.95903586764841,-53.16587353852182,0,48,3.11233
2025-03-26,227.0187370671058,258.88413111012073,-31.865394043014902,227.0187370671058,258.88413111012073,-31.865394043014902,0,940.8158964122106,25.88841311101207,914.9274833011984,0,44,2.01267
2025-03-27,240.52573167854354,239.81459415907045,0.7111375194730984,263.60398955299246,230.95983009860004,32.644159454392465,0,210.77332630041684,23.98145941590705,186.7918668845098,0,48,3.37921
2025-03-28,80.0248869365617,118.00736635717502,-37.982479420613316,95.84232237110811,111.0496592689,-15.20733689779189,0,223.78489706165618,11.800736635717502,211.98416042593868,0,47,2.8777099999999995
2025-03-29,290.7416113616711,291.55471525274913,-0.8131038910779999,254.24496270734457,284.4140846937481,-30.16912198640355,0,-230.97801251508292,29.155471525274912,-260.13348404035776,0,50,5.9145
2025-03-30,-111.94364713872181,-79.14736569694998,-32.796281441771846,37.31571098741006,0.028016718394250864,37.2876942690158,2,14.002865367502778,-7.914736569694997,21.917601937197816,2,50,5.77205
2025-03-31,443.7959519959767,474.7296389921988,-30.933686996222058,446.2678980183148,464.46885969928496,-18.20096168097018,0,-65.64901211908983,47.47296389921988,-113.12197601830971,0,50,5.55029
2025-04-01,315.2260475056223,319.5096602653847,-4.283612759762363,306.611836786637,335.91219415419437,-29.300357367557375,0,333.72336691981224,31.950966026538467,301.77240089327375,0,51,5.896050000000001
2025-04-02,7.6182575768435745,10.844570285585712,-3.226312708742138,36.10564956190294,67.41073408937393,-31.305084527470978,0,8.409483352434366,1.0844570285585717,7.325026323875792,0,49,2.67039
2025-04-03,56.96342866015681,73.58351657777453,-16.620087917617717,194.21507268184078,86.52455836694058,107.6905143149002,0,274.87486554795316,7.358351657777454,267.5165138901757,0,46,2.3345599999999997
2025-04-04,184.56930124732344,190.4441600167665,-5.874858769443043,205.66344098857206,189.97820637444397,15.685234614128099,0,273.1433031414824,19.04441600167665,254.0988871398057,0,46,2.40422
2025-04-05,76.32082261769204,69.96468186121038,6.35614075648165,66.10653825932769,141.67055396910803,-75.56401570978034,0,98.07487529970669,6.996468186121039,91.07840711358565,0,50,5.306279999999999
2025-04-06,-137.35588259939993,-146.12269241535154,8.76680981595162,-272.9818965483131,32.02022313612281,-305.0021196844359,0,-290.85426902319,-14.612269241535154,-276.24199978165484,0,50,4.044549999999999
2025-04-07,199.8943256920539,206.48189839250517,-6.587572700451256,216.28894005415214,201.87535229863227,14.41358775551984,0,240.88196958520538,20.64818983925052,220.23377974595488,0,44,3.50039
2025-04-08,52.82210327324567,52.36748505367309,0.4546182195725802,47.72140478160277,50.18317183615384,-2.46176705455107,0,48.216780496387074,5.236748505367309,42.98003199101976,0,50,0.84769
2025-04-09,52.28638540657463,54.12887464471601,-1.842489238141375,51.62462368317529,52.72308076287719,-1.098457079701902,0,33.474865861469965,5.4128874644716,28.061978396998363,0,45,1.0100799999999999
2025-04-10,359.32691009081594,434.104924619233,-74.77801452841703,479.30925166388363,433.16327159828427,46.14598006559937,0,543.8255505118316,43.410492461923305,500.4150580499083,0,51,6.292870000000001
2025-04-11,251.83893088434678,260.47059636641757,-8.631665482070805,546.0672922187224,262.9855740863606,283.0817181323618,0,520.6370749383098,26.047059636641762,494.5900153016679,0,51,6.78631
2025-04-12,50.84742194037091,51.63799522763766,-0.7905732872667546,85.94628222853113,91.00617728609413,-5.0598950575630095,0,99.07518916422458,5.163799522763766,93.91138964146083,0,50,2.3362
2025-04-13,-179.9883431148531,4.072635626846593,-184.0609787416997,595.7706700344138,23.38342477356985,572.3872452608439,0,608.0604597017647,0.4072635626846588,607.65319613908,0,51,5.34178
2025-04-14,192.29090336713227,210.21210406616342,-17.921200699031136,192.29090336713227,210.21210406616342,-17.921200699031136,0,-39.80336645616178,21.02121040661634,-60.8245768627781,0,51,2.4653400000000003
2025-04-15,285.0993646808002,314.3771659438761,-29.27780126307588,622.0922235349587,304.2474761812921,317.8447473536668,0,744.2376887164551,31.437716594387613,712.7999721220674,0,51,6.48484
2025-04-16,255.06969408897103,349.46323679152505,-94.39354270255404,289.23920881359845,342.5406549700509,-53.30144615645255,0,805.4278419845222,34.94632367915251,770.4815183053697,0,51,4.52984
2025-04-17,124.73582968955998,174.5829925385037,-49.8471628489437,124.73582968955998,174.5829925385037,-49.8471628489437,0,276.3393674863935,17.45829925385037,258.88106823254316,0,51,1.6365600000000002
2025-04-18,521.4055443761833,545.6491170263594,-24.24357265017597,521.4055443761833,545.6491170263594,-24.24357265017597,0,495.64205490611835,54.56491170263594,441.07714320348236,0,51,6.431290000000001
2025-04-19,143.90269257454707,157.615565559786,-13.712872985238917,148.585787173886,157.68669747564027,-9.100910301754244,0,105.2412239779547,15.7615565559786,89.4796674219761,0,51,6.23749
2025-04-20,7.209202249034604,162.1580502069285,-154.94884795789386,372.8308715648544,171.54358882521603,201.28728273963833,0,414.18634735596595,16.215805020692848,397.9705423352732,0,51,6.268409999999999
2025-04-21,215.3144720834639,316.5168592383101,-101.20238715484618,487.2000035036597,297.12177958519845,190.07822391846122,0,554.7158682319089,31.65168592383101,523.0641823080779,0,51,6.2511399999999995
2025-04-22,585.46248476201,586.8516570915449,-1.3891723295348652,585.46248476201,586.8516570915449,-1.3891723295348652,0,192.8194188492635,58.6851657091545,134.13425314010902,0,51,6.13297
2025-04-23,480.7370032312798,481.757837350832,-1.0208341195521822,480.7370032312798,481.757837350832,-1.0208341195521822,0,302.857195136628,48.1757837350832,254.68141140154478,0,51,4.90422
2025-04-24,341.0608256974783,532.6513232644658,-191.59049756698758,341.0608256974783,532.6513232644658,-191.59049756698758,0,842.4857257124354,53.26513232644659,789.2205933859888,0,51,4.552670000000001
2025-04-25,131.10477352660732,142.35064778460736,-11.245874258000025,131.10477352660732,142.35064778460736,-11.245874258000025,0,211.6536635259107,14.235064778460735,197.41859874745,0,51,1.69508
2025-04-26,79.41348340743482,125.19022398355048,-45.776740576115635,-681.2529662498027,139.4980746659115,-820.7510409157142,0,-395.9763733677565,12.519022398355046,-408.4953957661115,0,53,5.271660000000001
2025-04-27,-297.2579491590486,-296.71114714217947,-0.5468020168691132,86.27234837339874,22.660965874536515,63.6113824988622,0,28.031363257345127,-29.671114714217953,57.70247797156308,0,54,3.8403399999999994
2025-04-28,46.65728106343064,46.91310058316023,-0.2558195197295883,123.5378993918735,48.23098821227764,75.30691117959589,0,123.93482554890556,4.691310058316023,119.24351549058953,0,52,1.83575
2025-04-29,174.73777488433174,169.6823631250814,5.055411759250315,206.40429169656662,167.81637934543218,38.58791235113445,0,67.53795833855817,16.96823631250814,50.56972202605004,0,56,4.973120000000001
2025-04-30,95.28685757550087,94.65988185550863,0.6269757199922332,253.71435890161868,98.33754505477947,155.37681384683924,0,201.48947185005008,9.465988185550863,192.02348366449922,0,54,4.88603
2025-05-01,-236.00870743098085,-242.2839661212866,6.275258690305744,175.9026566552576,72.68947266320026,103.21318399205734,0,92.83562681777693,-24.22839661212866,117.06402342990557,0,56,4.64813
2025-05-02,164.55697302797128,162.26997334000248,2.2869996879688004,126.36521500079098,163.35629069806225,-36.99107569727124,0,31.45057968810963,16.226997334000245,15.223582354109377,0,49,2.93962
2025-05-03,42.09239949865812,78.3588381936467,-36.266438694988594,232.85218541036744,77.71496649901772,155.13721891134975,0,171.70288555286584,7.835883819364672,163.86700173350113,0,55,2.8828000000000005
2025-05-04,3.614442728228959,2.494830214867391,1.1196125133615693,144.9082508932567,3.5506597654867855,141.35759112776992,0,126.8516811229479,0.24948302148673906,126.60219810146117,0,55,4.7736
2025-05-05,147.7885786960647,156.93336741068867,-9.14478871462402,140.2118827048095,165.44123384134883,-25.229351136539336,0,58.665534928043975,15.69333674106887,42.9721981869751,0,57,3.8534800000000002
2025-05-06,122.44361646707709,141.53841794376058,-19.094801476683504,120.96183264640922,140.05303478271964,-19.091202136310443,0,104.63258946802019,14.153841794376062,90.47874767364414,0,54,2.3384199999999997
2025-05-07,316.59136837140613,413.3899571943648,-96.79858882295872,316.59136837140613,413.3899571943648,-96.79858882295872,0,808.7411213222032,41.33899571943648,767.4021256027668,0,57,4.72987
2025-05-08,88.1675365532943,88.47393177650828,-0.3063952232139783,88.1675365532943,88.47393177650828,-0.3063952232139783,0,73.14153474520444,8.84739317765083,64.2941415675536,0,54,1.23869
2025-05-09,129.30244180359148,121.51427986624921,7.78816193734226,74.27281803183197,121.6360939628743,-47.36327593104233,0,78.39917552873413,12.151427986624924,66.24774754210922,0,56,2.8566700000000003
2025-05-10,-131.13773634761014,-132.154402382446,1.0166660348358283,142.99954242133927,75.07526708011807,67.9242753412212,7,167.19291856536398,-13.2154402382446,180.40835880360856,7,54,5.27628
2025-05-11,-616.6124031614665,-613.3824987134519,-3.2299044480144774,152.39803887199471,8.763781166359006,143.63425770563572,0,75.06251458241584,-61.33824987134521,136.40076445376104,0,51,3.6373900000000003
2025-05-12,121.80554106315608,109.67913450732473,12.126406555831363,230.87461155303308,125.80554965946368,105.06906189356938,0,255.89095453362813,10.967913450732473,244.92304108289562,0,57,3.77732
2025-05-13,199.09995081534382,192.2519732084694,6.84797760687445,450.9140168024742,211.99514503452428,238.9188717679499,0,385.0153279479094,19.225197320846938,365.7901306270624,0,57,6.94624
2025-05-14,86.46867675194437,81.31281164592119,5.155865106023177,329.96522897648845,199.07605074162586,130.88917823486253,0,278.88969266569444,8.131281164592119,270.7584115011023,0,57,7.0229800000000004
2025-05-15,196.19984715664862,392.4416914864043,-196.24184432975568,442.30961175518826,372.21500412055127,70.09460763463699,0,729.8588092943525,39.24416914864043,690.614640145712,0,57,6.9654799999999994
2025-05-16,173.90712225656233,168.14506190563364,5.762060350928684,172.00636153123662,199.07558001138892,-27.06921848015232,0,15.899011505718734,16.814506190563364,-0.9154946848446297,0,57,6.01982
2025-05-17,21.75122975275322,24.222196308040548,-2.4709665552873252,66.31684924953261,28.93613211118183,37.38071713835078,0,51.248257969712824,2.4222196308040544,48.826038338908766,0,53,1.3954399999999998
2025-05-18,-77.56238097024556,93.4951879285232,-171.05756889876875,350.2846885836598,91.13355551301595,259.1511330706438,0,490.65145687516303,9.34951879285232,481.30193808231064,0,53,3.25857
2025-05-19,58.20624575765388,61.335395672692194,-3.1291499150383157,68.4080581182054,56.01029861413882,12.397759504066586,0,74.48212827314039,6.133539567269221,68.34858870587118,0,52,1.3176
2025-05-20,56.297860496959984,55.530118904843846,0.7677415921161358,57.62746695457769,54.22174219052779,3.405724764049909,0,39.918322388696,5.5530118904843855,34.36531049821161,0,52,1.0546699999999998
2025-05-21,302.1579494451482,400.2340727172482,-98.07612327209995,302.1579494451482,400.2340727172482,-98.07612327209995,0,-1241.29395237586,40.02340727172482,-1281.317359647585,0,55,5.36145
2025-05-22,237.1673715936969,242.8833847343892,-5.716013140692303,345.18805645390285,242.18210711369574,103.00594934020717,0,630.5076715603072,24.288338473438927,606.2193330868682,0,57,4.26056
2025-05-23,243.86102195568162,256.5915746889546,-12.730552733273012,268.4603683169903,249.7321107796677,18.728257537322552,0,101.91929677644318,25.659157468895465,76.2601393075477,0,58,5.96391
2025-05-24,-17.038843166337227,75.71467483435477,-92.753518000692,26.27447696227256,71.9825326609815,-45.708055698708954,0,-107.46777068550873,7.571467483435478,-115.0392381689442,0,57,5.3365
2025-05-25,-35.44477926667565,-29.48094079723983,-5.963838469435828,98.829584282752,0.4051459545513487,98.42443832820064,0,91.33504092008242,-2.9480940797239827,94.28313499980642,0,56,2.69274
2025-05-26,156.0701694852553,174.72324756318525,-18.653078077929955,274.6585931048951,173.66383705632018,100.99475604857491,0,274.80297427790055,17.472324756318528,257.330649521582,0,58,4.797420000000001
2025-05-27,44.870643954051,78.88073740272543,-34.010093448674425,38.14126163825917,77.1697262625658,-39.02846462430662,0,22.259242449905095,7.888073740272542,14.371168709632553,0,55,4.325189999999999
2025-05-28,104.75236393492212,129.73868495994847,-24.986321025026356,104.75236393492212,129.73868495994847,-24.986321025026356,0,117.33553491824222,12.973868495994848,104.36166642224737,0,57,1.8525399999999999
2025-05-29,121.48557573674316,126.59391367471338,-5.108337937970223,67.83879513827713,127.75255849900013,-59.913763360722996,0,19.41279438236182,12.65939136747134,6.753403014890473,0,59,4.433669999999999
2025-05-30,14.266551155621196,23.1890444947758,-8.922493339154602,-97.92726767251747,23.05072568040091,-120.97799335291839,0,-124.69559978418789,2.3189044494775803,-127.01450423366546,0,58,2.45513
2025-05-31,70.56055224625696,77.04867557500148,-6.4881233287445195,-9.466544370884932,89.30501714211698,-98.77156151300191,0,-40.454158061749304,7.7048675575001475,-48.15902561924945,0,58,4.12682
2025-06-01,-24.596320383008155,-7.725443379740938,-16.870877003267218,-32.995276188803246,23.39896491653824,-56.39424110534148,0,-32.95169018730083,-0.7725443379740937,-32.17914584932673,0,59,6.113900000000001
2025-06-02,280.2082198018058,306.7119689029928,-26.50374910118705,441.94680678411504,285.83598334257124,156.11082344154386,0,619.5988840536181,30.671196890299285,588.9276871633189,0,59,6.422280000000001
2025-06-03,52.56395961505906,71.68500969507272,-19.12105008001366,32.32739518118853,73.88504092681103,-41.55764574562251,0,60.16371607100591,7.168500969507273,52.99521510149862,0,59,2.91277
2025-06-04,173.49418739703088,192.61721454731747,-19.123027150286585,158.65334581914215,181.87078560203537,-23.217439782893237,0,58.41403731495309,19.26172145473175,39.15231586022135,0,53,3.52312
2025-06-05,58.493036485528584,64.36351639678978,-5.870479911261177,59.235579572721214,57.79904701098443,1.4365325617367795,0,69.06570009911536,6.4363516396789775,62.629348459436386,0,52,1.76398
2025-06-06,71.8519342621947,73.03713811680015,-1.1852038546054349,81.66091510848624,75.16340012447338,6.497514984012859,0,-39.85615134215553,7.303713811680015,-47.159865153835554,0,59,4.61628
2025-06-07,159.23577465755508,149.84577697742435,9.389997680130723,139.2453140242656,147.57790622212892,-8.332592197863285,0,127.295452265818,14.984577697742438,112.31087456807555,0,59,2.97985
2025-06-08,-54.88164873946896,-51.384758171709116,-3.4968905677598365,-29.53539165035116,7.688125799485475,-37.223517449836635,0,-39.4319600160094,-5.138475817170912,-34.29348419883848,0,55,4.037660000000001
2025-06-09,41.315691451454406,52.91592431507881,-11.60023286362441,16.168773410405667,55.51158494864524,-39.34281153823958,0,6.148959269957938,5.2915924315078815,0.8573668384500546,0,55,2.7211100000000004
2025-06-10,120.40847042325424,137.13179323995598,-16.72332281670173,5.1204956366653605,128.70182292774405,-123.5813272910787,0,-120.59322954217458,13.7131793239956,-134.3064088661702,0,59,4.06539
2025-06-11,188.6521357206212,192.09411272397932,-3.4419770033581205,181.97445524702863,192.37115890174692,-10.39670365471828,0,203.40035965431207,19.20941127239793,184.19094838191413,0,55,3.43849
2025-06-12,-0.9314935828609534,-0.798225889771,-0.13326769308995268,-170.04570276177566,29.43335256636663,-199.47905532814227,0,-155.6216819033486,-0.0798225889771001,-155.5418593143715,0,55,3.13873
2025-06-13,165.1675042501094,160.7619545274883,4.405549722621064,305.01742713385096,159.04974638030797,145.96768075354296,0,274.00047819619846,16.076195452748834,257.92428274344957,0,59,4.398390000000001
2025-06-14,-129.65729219991863,-4.672817116298692,-124.98447508361991,1048.1040374818083,26.77372291378256,1021.3303145680258,0,1153.0156570126956,-0.4672817116298691,1153.4829387243253,0,51,4.8919999999999995
2025-06-15,24.024139637008055,41.921293462606016,-17.897153825597965,-85.25084631319979,44.99239676771796,-130.24324308091775,0,-112.77119481936168,4.192129346260603,-116.96332416562228,0,55,4.101100000000001
2025-06-16,207.65991780539787,205.63676434703387,2.0231534583640203,220.27263383277415,198.9132666844799,21.35936714829424,0,205.8225839780398,20.563676434703385,185.25890754333642,0,60,3.75915
2025-06-17,217.38284524319306,216.54753739038506,0.8353078528079605,356.12323215202525,216.73042122570223,139.39281092632302,0,305.77091390063185,21.654753739038508,284.11616016159326,0,59,5.763489999999999
2025-06-18,213.5350542101267,217.8819268050887,-4.346872594962026,307.7835135972464,211.38882917842034,96.39468441882607,0,316.2779031696376,21.78819268050887,294.4897104891288,0,59,5.44371
2025-06-19,78.2056672775698,74.09440309692243,4.111264180647366,218.81052131440418,89.84203554270852,128.9684857716957,0,288.21642613606946,7.4094403096922425,280.80698582637723,0,57,3.56041
2025-06-20,81.7859465130384,79.568648763358,2.2172977496804123,37.12969043588535,74.20649029397796,-37.07679985809262,0,6.490560300491344,7.9568648763358,-1.4663045758444575,0,57,3.04422
2025-06-21,100.00319708614947,95.19450859584435,4.808688490305137,-293.3359390650621,120.7206847233773,-414.0566237884394,0,-363.57900242982254,9.519450859584435,-373.09845328940696,0,60,5.04974
2025-06-22,-164.46292398663445,-123.76107490827339,-40.701849078361086,145.2240396608177,27.342244788011964,117.88179487280576,0,25.59616304221155,-12.376107490827339,37.97227053303887,0,60,6.1984200000000005
2025-06-23,61.20320115742285,67.69014613643125,-6.4869449790083955,105.3243849319405,103.28196180534745,2.04242312659305,0,87.55626328799228,6.769014613643124,80.78724867434914,0,59,5.648859999999999
2025-06-24,105.70852427369857,118.19764395112544,-12.489119677426887,171.0835077988833,130.68626725784418,40.39724054103912,0,56.033411912182345,11.819764395112546,44.213647517069795,0,60,5.852689999999999
2025-06-25,228.21099392665946,304.55333315807377,-76.34233923141431,628.118397343325,287.47683824894614,340.641559094379,0,876.5840802463536,30.455333315807376,846.1287469305461,0,59,6.10717
2025-06-26,424.61689772365827,489.7663947973664,-65.1494970737081,424.61689772365827,489.7663947973664,-65.1494970737081,0,633.4458842740534,48.97663947973664,584.4692447943166,0,59,5.95307
2025-06-27,391.66833901739324,393.2701057007499,-1.6017666833566346,374.02496132066307,384.7425205635961,-10.717559242933035,0,307.8823673269268,39.32701057007499,268.55535675685184,0,60,6.4046199999999995
2025-06-28,44.40067970432374,54.317536690485895,-9.916856986162152,305.1337590415427,52.007156271894274,253.12660276964846,0,273.5752946032449,5.4317536690485895,268.14354093419627,0,60,6.5022199999999994
2025-06-29,27.43589999931353,31.07447640321347,-3.638576403899942,227.96461797447608,85.0920847544662,142.87253322000987,0,186.00361944424387,3.107447640321348,182.89617180392253,0,60,6.262639999999999
2025-06-30,353.46672620343395,348.86517604691863,4.601550156515361,341.08406315634574,340.50523216174014,0.5788309946056192,0,270.6104265833434,34.88651760469186,235.72390897865154,0,60,4.81326
2025-07-01,456.1405218482758,459.8113475024101,-3.6708256541343847,456.1405218482758,459.8113475024101,-3.6708256541343847,0,326.1113314827651,45.98113475024102,280.13019673252404,0,60,5.18238
2025-07-02,382.8204454754077,434.0331258867551,-51.212680411347364,382.8204454754077,434.0331258867551,-51.212680411347364,0,434.43980968979076,43.40331258867552,391.0364971011153,0,60,5.15791
2025-07-03,337.75304944339535,335.53223866477083,2.220810778624557,332.7830453656074,331.1506795547166,1.632365810890833,0,138.17006103865205,33.55322386647708,104.61683717217497,0,60,5.47767
2025-07-04,306.5101349340767,305.5158409918788,0.9942939421979424,333.3934145344864,276.7997984069613,56.59361612752507,0,235.06690470690768,30.551584099187878,204.51532060771981,0,60,6.49645
2025-07-05,46.57552846318432,45.34865189212537,1.2268765710589529,-133.13961566771624,42.434354556336125,-175.57397022405235,0,-195.33552954918156,4.534865189212537,-199.8703947383941,0,59,6.09568
2025-07-06,194.8912772991145,214.67906848513334,-19.787791186018822,231.88878668454257,197.99695326470032,33.89183341984224,0,221.44647533709895,21.467906848513337,199.9785684885856,0,60,3.66967
2025-07-07,152.61679190378186,149.82602911739605,2.7907627863858284,-163.7516043251062,153.14049818536432,-316.8921025104705,0,-231.4481591209343,14.982602911739606,-246.43076203267393,0,58,2.2537599999999998
2025-07-08,317.73241865113954,343.26759837349266,-25.535179722353128,317.73241865113954,343.26759837349266,-25.535179722353128,0,402.46695580992645,34.32675983734927,368.1401959725772,0,59,4.33496
2025-07-09,454.6518402247118,456.91452674338973,-2.2626865186778726,448.00049033987636,448.88796725012236,-0.8874769102459934,0,221.79810453959618,45.691452674338976,176.10665186525722,0,59,6.10896
2025-07-10,385.4050744863691,393.1099808264763,-7.704906340107314,385.4050744863691,393.1099808264763,-7.704906340107314,0,397.9809053023869,39.310998082647636,358.6699072197393,0,58,5.17999
2025-07-11,245.64165765126398,253.3118699199607,-7.670212268696732,245.64165765126398,253.3118699199607,-7.670212268696732,0,172.39633537943888,25.33118699199607,147.06514838744283,0,55,3.45521
2025-07-12,124.12575365021985,172.53957020543587,-48.413816555216044,100.3780752137337,168.2590192770445,-67.8809440633108,0,132.4188235484595,17.253957020543588,115.1648665279159,0,58,3.21626
2025-07-13,49.72916909369364,93.3642511646605,-43.63508207096687,-175.64998229066887,92.51773140171156,-268.16771369238046,0,-304.9680608548806,9.33642511646605,-314.3044859713467,0,56,2.61411
2025-07-14,137.5448405522926,159.03836943743426,-21.49352888514166,137.5448405522926,159.03836943743426,-21.49352888514166,0,132.5765975412293,15.903836943743428,116.67276059748585,0,55,1.87244
2025-07-15,126.88447161049821,131.76197559066148,-4.8775039801632705,117.69836011139785,128.06896223368193,-10.37060212228409,0,94.08829578211234,13.176197559066146,80.91209822304619,0,58,2.49998
2025-07-16,228.0104091757795,263.5706727920874,-35.56026361630792,228.0104091757795,263.5706727920874,-35.56026361630792,0,337.20196110101546,26.357067279208742,310.84489382180675,0,57,3.92439
2025-07-17,460.52638327159286,466.8850999429519,-6.358716671359015,460.52638327159286,466.8850999429519,-6.358716671359015,0,380.33555820922174,46.68850999429519,333.6470482149266,0,58,5.92193
2025-07-18,316.7948058974993,320.89993566504796,-4.105129767548574,316.7948058974993,320.89993566504796,-4.105129767548574,0,286.2369379569374,32.089993566504795,254.14694439043262,0,54,3.56492
2025-07-19,111.96236349607507,122.2187257319246,-10.256362235849522,82.14618018593217,119.24663084469567,-37.100450658763506,0,95.17179479179501,12.221872573192458,82.94992221860254,0,58,4.65076
2025-07-20,67.98848294720558,117.09745138419052,-49.108968436984945,0.9718960844874047,110.85946816282512,-109.88757207833774,0,-186.52008686015444,11.709745138419052,-198.22983199857347,0,58,2.79854
2025-07-21,203.15745826894843,228.7316524844669,-25.57419421551851,137.77389155968206,217.97430353900828,-80.20041197932622,0,-597.9420334597303,22.873165248446696,-620.8151987081768,0,57,4.822369999999999
2025-07-22,286.9707511302357,297.38052700921753,-10.40977587898178,240.71177350097915,292.3821992830783,-51.67042578209912,0,259.1433410923986,29.738052700921752,229.40528839147683,0,57,5.666440000000001
2025-07-23,427.1496843207507,473.5179762281744,-46.36829190742378,427.1496843207507,473.5179762281744,-46.36829190742378,0,501.9539320091376,47.35179762281744,454.60213438632013,0,57,5.92026
2025-07-24,466.4282840173529,504.0538141071244,-37.625530089771516,466.4282840173529,504.0538141071244,-37.625530089771516,0,564.4826788181103,50.40538141071245,514.0772974073979,0,57,5.72435
2025-07-25,383.25456967922565,400.1590640138204,-16.904494334594794,383.25456967922565,400.1590640138204,-16.904494334594794,0,412.52700625411006,40.01590640138204,372.51109985272797,0,57,4.66864
2025-07-26,271.0698601217831,276.3196703848498,-5.249810263066664,271.0698601217831,276.3196703848498,-5.249810263066664,0,249.62894695124083,27.63196703848498,221.99697991275582,0,56,4.3370500000000005
2025-07-27,72.10968849955874,71.86405132625502,0.2456371733037197,72.84410686599735,70.85897287899417,1.985133987003191,0,60.927983444643374,7.186405132625502,53.74157831201788,0,57,1.1289500000000001
2025-07-28,112.6710907647126,120.1715079819318,-7.500417217219196,112.6710907647126,120.1715079819318,-7.500417217219196,0,91.50802732965876,12.01715079819318,79.49087653146559,0,54,1.65697
2025-07-29,282.40786522775704,305.8570845895722,-23.44921936181514,336.7581252435663,291.2039442098528,45.554181033713576,0,332.7734301019632,30.58570845895722,302.18772164300594,0,57,6.19754
2025-07-30,293.65313961704527,303.52971964094485,-9.876580023899535,236.75420484187674,280.651642107733,-43.897437265856226,0,217.43944307132958,30.352971964094486,187.08647110723504,0,57,5.833209999999999
2025-07-31,235.1304394970584,250.92769181611501,-15.79725231905659,235.1304394970584,250.92769181611501,-15.79725231905659,0,322.0488666408934,25.0927691816115,296.95609745928186,0,54,3.20263
2025-08-01,252.9938076228205,256.6546313412481,-3.6608237184275847,252.9938076228205,256.6546313412481,-3.6608237184275847,0,96.57265023096954,25.665463134124813,70.90718709684474,0,57,3.32831
2025-08-02,85.62869533450665,92.7132359117447,-7.084540577238047,67.58514369256842,84.78002430954912,-17.194880616980697,0,-17.96016797292433,9.271323591174468,-27.231491564098818,0,57,3.37887
2025-08-03,5.026583056123136,7.3938746841144285,-2.367291627991293,-75.86093490166509,9.908563403720464,-85.76949830538555,0,-74.82483171363768,0.739387468411443,-75.56421918204913,0,57,2.2865900000000003
2025-08-04,193.82906825711666,253.4599783864643,-59.630910129347605,77.62501124853942,248.876570167577,-171.25155891903756,0,-137.42523039066333,25.345997838646433,-162.77122822930974,0,54,5.030889999999999
2025-08-05,-28.81589061272636,-11.043980211402644,-17.771910401323716,217.98637282221114,38.86152710339896,179.1248457188122,0,204.71184860185235,-1.1043980211402642,205.81624662299262,0,56,4.77463
2025-08-06,87.95436632062967,91.55035599541638,-3.5959896747867135,184.9766808908215,93.01826830723812,91.9584125835834,0,165.89576902912546,9.155035599541637,156.74073342958383,0,57,2.9986499999999996
2025-08-07,92.15337626572574,104.07545688085074,-11.922080615125026,-32.52558672867686,99.53393337455137,-132.0595201032282,0,-11.51469213398995,10.407545688085076,-21.92223782207503,0,54,3.8257200000000005
2025-08-08,132.60613542905696,178.25133734668387,-45.64520191762689,191.96588508086228,175.11953587561305,16.846349205249236,0,302.9559770330307,17.825133734668384,285.1308432983623,0,56,3.3993900000000004
2025-08-09,-1.5538259847300306,0.30005936666658517,-1.8538853513966163,19.623114534299308,15.5752523524074,4.047862181891912,0,16.879320576777,0.030005936666658406,16.849314640110343,0,50,1.72599
2025-08-10,-50.01667597275124,-50.927545365100954,0.9108693923497122,158.02376056035604,43.09903173228419,114.92472882807186,0,136.86870693303737,-5.092754536510094,141.9614614695475,0,56,4.22591
2025-08-11,83.52101538956356,74.12959729722499,9.391418092338574,91.54949520451206,73.21170133961888,18.337793864893175,0,101.83471644864386,7.412959729722499,94.42175671892136,0,56,1.5989300000000002
2025-08-12,229.77435400053446,251.42309756862636,-21.648743568091902,237.8647073097614,249.90433096848085,-12.039623658719435,0,323.171522731991,25.142309756862637,298.0292129751283,0,56,3.5013500000000004
2025-08-13,285.5831616127769,303.9763003192278,-18.393138706450895,285.5831616127769,303.9763003192278,-18.393138706450895,0,213.45151649809017,30.397630031922784,183.0538864661674,0,56,3.36187
2025-08-14,286.67827754157474,320.59684092625906,-33.91856338468436,286.67827754157474,320.59684092625906,-33.91856338468436,0,400.79228689659493,32.05968409262591,368.73260280396903,0,55,3.7962800000000003
2025-08-15,70.06716202196675,79.3643479128206,-9.297185890853854,121.99019541535972,77.94297441499782,44.0472210003619,0,218.16983439644667,7.9364347912820605,210.2333996051646,0,54,2.7366
2025-08-16,-32.37210619289753,133.62211616446348,-165.99422235736102,305.1519156542688,120.16687887457192,184.98503677969688,0,429.1519355077727,13.362211616446348,415.7897238913264,0,54,3.75744
2025-08-17,-7.7274103430580725,16.20653911830211,-23.93394946136018,-89.87084071448963,15.324175441211842,-105.19501615570148,0,-147.4809650531808,1.6206539118302108,-149.10161896501103,0,47,0.84212
2025-08-18,66.74895096506208,79.66797103097306,-12.91902006591099,56.63897255018285,74.81002368457183,-18.171051134388982,0,129.38827263444372,7.966797103097307,121.4214755313464,0,49,1.43089
2025-08-19,275.58114512494313,282.60438587904827,-7.023240754105121,303.38035666109374,267.9048791236983,35.475477537395456,0,423.36105649468175,28.260438587904826,395.10061790677696,0,52,4.90618
2025-08-20,258.62526125985823,375.44478244887574,-116.81952118901754,258.62526125985823,375.44478244887574,-116.81952118901754,0,530.7760411407983,37.54447824488757,493.23156289591077,0,53,4.80387
2025-08-21,340.7346874205532,350.3877400065643,-9.6530525860111,315.271293055422,343.63625272962406,-28.364959674202026,0,184.32702953799284,35.03877400065643,149.2882555373364,0,53,5.62105
2025-08-22,432.1936328110305,498.51177375935936,-66.31814094832882,467.3399264724315,485.2492585132602,-17.909332040828744,0,739.2742223821031,49.85117737593593,689.4230450061672,0,52,5.9109
2025-08-23,163.51168796840162,205.9804279259152,-42.46873995751355,107.58724598210134,193.7673336404264,-86.18008765832506,0,41.42903946396516,20.59804279259152,20.83099667137366,0,51,5.740740000000001
2025-08-24,81.22788462834454,85.64300822199871,-4.4151235936541715,334.8410774565872,93.73950803701544,241.10156941957175,0,324.5086060918969,8.564300822199872,315.94430526969705,0,51,5.8741699999999994
2025-08-25,282.5898336204624,290.43632249549523,-7.846488875032941,290.56235809666623,278.42367538224926,12.138682714416952,0,369.86640199629625,29.043632249549532,340.8227697467467,0,51,5.5214099999999995
2025-08-26,352.5567081137599,323.197057263695,29.359650850064902,354.4727338402433,315.6224160637165,38.85031777652678,0,386.19253634631343,32.319705726369506,353.87283061994395,0,51,5.25784
2025-08-27,375.84146207734125,423.24969070980035,-47.408228632459156,375.84146207734125,423.24969070980035,-47.408228632459156,0,521.7938813457341,42.324969070980046,479.4689122747541,0,51,5.484070000000001
2025-08-28,330.6534868091611,340.88939463811334,-10.235907828952218,330.6534868091611,340.88939463811334,-10.235907828952218,0,263.2796600683536,34.08893946381133,229.19072060454226,0,50,4.01386
2025-08-29,171.96190285300696,156.27790260413872,15.684000248868221,171.96190285300696,156.27790260413872,15.684000248868221,0,261.9053224546757,15.627790260413873,246.27753219426188,0,51,3.01341
2025-08-30,156.10163512149128,133.16560260105769,22.93603252043357,242.56695127699498,121.14375944745782,121.42319182953719,0,357.3741154220867,13.316560260105772,344.0575551619809,0,51,5.7167200000000005
2025-08-31,43.77214135737307,39.70198200892374,4.070159348449315,29.67098756137783,33.09524107964771,-3.424253518269876,0,27.377991280174804,3.9701982008923755,23.40779307928243,0,51,5.2709600000000005
2025-09-01,104.95386866661275,106.76613055462231,-1.8122618880095573,108.76096974946628,98.54840889423637,10.212560855229917,0,119.14487191953629,10.67661305546223,108.46825886407404,0,51,2.7708
2025-09-02,323.80469445098595,317.9555726531963,5.849121797789593,323.80469445098595,317.9555726531963,5.849121797789593,0,13.764312604411096,31.795557265319637,-18.031244660908538,0,51,5.57585
2025-09-03,42.85926972057035,49.444279832535656,-6.585010111965298,127.04332321615084,48.688388314885984,78.35493490126487,0,93.01803473536954,4.944427983253565,88.07360675211596,0,50,1.5103
2025-09-04,154.05750765240748,141.58319233491494,12.474315317492527,146.10895377312568,129.60194597396963,16.507007799156042,0,148.21346930592824,14.158319233491495,134.05515007243676,0,51,3.4102699999999997
2025-09-05,221.99860354768612,209.1478941204479,12.850709427238227,221.99860354768612,209.1478941204479,12.850709427238227,0,234.3512335288936,20.91478941204479,213.4364441168488,0,51,2.819
2025-09-06,122.87695317709785,112.14860521436222,10.728347962735636,283.6418102166904,109.12140878577131,174.5204014309191,0,254.7440836790223,11.214860521436224,243.52922315758605,0,51,5.505070000000001
2025-09-07,-30.392797877634038,-30.419072100698145,0.02627422306410576,63.376674349650045,4.46594112600612,58.91073322364392,0,61.37031685436159,-3.0419072100698146,64.4122240644314,0,50,2.9834899999999998
2025-09-08,225.9348358440103,256.8939543728719,-30.959118528861566,225.9348358440103,256.8939543728719,-30.959118528861566,0,303.7303189698385,25.68939543728719,278.04092353255135,0,51,2.6277999999999997
2025-09-09,412.5752692220267,478.40398808850534,-65.8287188664786,412.5752692220267,478.40398808850534,-65.8287188664786,0,581.6837883607652,47.84039880885054,533.8433895519147,0,50,4.12084
2025-09-10,418.0344449097604,416.4904523661402,1.5439925436202737,418.0344449097604,416.4904523661402,1.5439925436202737,0,438.0011154020386,41.64904523661402,396.35207016542455,0,51,4.85247
2025-09-11,28.879620001457766,33.06578482394723,-4.186164822489463,6.057187219492073,32.58314760385649,-26.52596038436441,0,-11.571455791166722,3.3065784823947233,-14.878034273561445,0,46,1.6770800000000001
2025-09-12,43.847879622273624,44.09898969704193,-0.25111007476830105,65.87108035475433,50.02672310516665,15.844357249587677,0,19.301667665914863,4.409898969704193,14.891768696210665,0,49,3.8642399999999997
2025-09-13,-3.091896497895222,10.54506380637747,-13.63696030427269,-14.64271069920852,9.858442540808072,-24.501153240016592,0,-17.673441375664524,1.054506380637747,-18.727947756302264,0,47,1.3914999999999997
2025-09-14,151.66316817176232,124.04484780518924,27.6183203665731,155.22875498592978,114.49173317468859,40.7370218112412,0,272.0029275958012,12.404484780518924,259.5984428152823,0,50,5.431050000000001
2025-09-15,0.3271198854545947,0.15171726601236246,0.17540261944223112,16.420278346940158,10.079433037934956,6.3408453090052,0,12.010804843107952,0.015171726601236335,11.995633116506724,0,50,5.25926
2025-09-16,2.3061062117036863,3.234754661384301,-0.9286484496806147,26.944827730330427,3.2968123108948184,23.64801541943561,0,29.97516356248287,0.32347546613843015,29.651688096344436,0,45,1.41562
2025-09-17,279.33752431561686,248.0561461539561,31.281378161660715,276.3449575574605,243.86830222029747,32.47665533716301,0,175.26076980906169,24.805614615395612,150.4551551936661,0,48,3.8705299999999996
2025-09-18,-124.84059633477375,259.6167633278292,-384.4573596626029,363.2208111851334,256.50539860778827,106.71541257734509,0,972.0581389212101,25.961676332782915,946.0964625884271,0,49,4.41632
2025-09-19,256.87990161671166,238.42864930658408,18.451252310127582,259.2537201582524,231.74281609822197,27.51090406003047,0,293.8096024026712,23.842864930658408,269.9667374720128,0,50,5.30874
2025-09-20,24.28702372914907,92.99828120325157,-68.7112574741025,420.190862931729,76.31152344937246,343.87933948235656,0,479.20371800760233,9.29982812032516,469.9038898872772,0,49,5.10999
2025-09-21,23.42141242972405,40.878624860396165,-17.457212430672115,32.25512436786245,20.7789901212881,11.476134246574347,0,38.613476007659884,4.087862486039617,34.52561352162027,0,49,5.219759999999999
2025-09-22,139.43659008856883,168.06385688237407,-28.627266793805212,150.55243651586932,155.0325289863209,-4.480092470451561,0,166.71066331998188,16.806385688237405,149.90427763174446,0,44,2.98927
2025-09-23,259.14935626984396,264.2256477749736,-5.076291505129593,259.14935626984396,264.2256477749736,-5.076291505129593,0,308.8398710397344,26.422564777497353,282.41730626223705,0,46,3.1473
2025-09-24,42.347328636523514,54.7969008414453,-12.449572204921795,40.39837747746759,52.778489965688166,-12.380112488220579,0,40.151796857902355,5.479690084144531,34.67210677375782,0,42,0.7809900000000001
2025-09-25,37.43246960712831,69.76732423421899,-32.334854627090664,46.829151657292755,68.23973597321867,-21.41058431592591,0,96.73153242102532,6.976732423421899,89.75479999760344,0,44,0.8336
2025-09-26,87.15489701424775,98.64359598797566,-11.488698973727912,87.15489701424775,98.64359598797566,-11.488698973727912,0,135.4120490180498,9.864359598797567,125.54768941925221,0,42,1.06319
2025-09-27,234.47226850693374,246.75140426453987,-12.27913575760613,240.8465363098182,242.32852739099897,-1.4819910811807873,0,346.07988901838087,24.675140426453986,321.40474859192693,0,46,3.55516
2025-09-28,101.34757176036254,107.39681987046552,-6.049248110102974,107.50047747980994,101.89354453750413,5.606932942305819,0,158.19220328159875,10.739681987046554,147.45252129455218,0,45,2.2226999999999997
2025-09-29,51.58412809117094,63.25825431706657,-11.674126225895632,51.58412809117094,63.25825431706657,-11.674126225895632,0,67.23980327511708,6.325825431706658,60.913977843410436,0,43,0.657
2025-09-30,302.5012020912885,384.93227199954845,-82.43106990825987,302.5012020912885,384.93227199954845,-82.43106990825987,0,307.85586696162886,38.493227199954845,269.362639761674,0,46,2.82289
2025-10-01,50.517971440828745,56.83816182694235,-6.320190386113607,50.517971440828745,56.83816182694235,-6.320190386113607,0,63.80800627927038,5.683816182694234,58.12419009657614,0,38,0.73022
2025-10-02,157.77168465129705,164.8821724880363,-7.110487836739219,157.77168465129705,164.8821724880363,-7.110487836739219,0,102.6611004119422,16.48821724880363,86.17288316313858,0,44,1.67489
2025-10-03,247.71179997900782,247.96005701315678,-0.2482570341489494,247.71179997900782,247.96005701315678,-0.2482570341489494,0,243.54182892352577,24.796005701315682,218.7458232222101,0,45,3.20564
2025-10-04,1.165701915082205,1.8953123154228728,-0.7296104003406678,-0.4636616664701414,1.1783859826128986,-1.6420476490830387,0,7.6472384754457225,0.18953123154228732,7.457707243903436,0,41,1.96756
2025-10-05,-9.322319758061624,-3.023268048681943,-6.29905170937968,37.30973285425056,0.04693654590368367,37.26279630834688,0,33.87575849325634,-0.3023268048681944,34.17808529812453,0,43,1.26403
2025-10-06,83.48314011052764,93.03368060524254,-9.55054049471489,83.52686220547764,93.02209947688254,-9.49523727140489,0,94.39859711180276,9.303368060524255,85.09522905127851,0,41,0.95188
2025-10-07,99.5471477627107,187.7214603457715,-88.17431258306081,99.5471477627107,187.7214603457715,-88.17431258306081,0,188.96016518008355,18.772146034577155,170.18801914550642,0,42,1.2085400000000002
2025-10-08,98.37322877777763,108.74185735013822,-10.368628572360594,98.37322877777763,108.74185735013822,-10.368628572360594,0,110.05555537909026,10.874185735013823,99.18136964407644,0,43,0.92237
2025-10-09,176.17980184521173,201.33696015085263,-25.1571583056409,176.17980184521173,201.33696015085263,-25.1571583056409,0,267.9540369060212,20.133696015085263,247.8203408909359,0,42,1.98564
2025-10-10,272.70134142503224,394.51181701503714,-121.81047559000494,272.70134142503224,394.51181701503714,-121.81047559000494,0,404.95574677700324,39.451181701503714,365.5045650754995,0,43,3.45435
2025-10-11,67.1253638210051,82.21848820278734,-15.09312438178225,67.1253638210051,82.21848820278734,-15.09312438178225,0,70.59289701410052,8.221848820278733,62.37104819382178,0,40,0.84984
2025-10-12,171.70386259489496,241.74386320889283,-70.04000061399788,171.70386259489496,241.74386320889283,-70.04000061399788,0,194.41447386130199,24.174386320889287,170.24008754041273,0,41,2.42057
2025-10-13,356.000533563414,324.021509181808,31.979024381606017,356.000533563414,324.021509181808,31.979024381606017,0,360.6366101437164,32.4021509181808,328.2344592255356,0,41,3.3525099999999997
2025-10-14,387.0806282576078,400.1312172303007,-13.050588972692896,387.0806282576078,400.1312172303007,-13.050588972692896,0,295.9412776483858,40.01312172303007,255.9281559253557,0,43,3.38517
2025-10-15,69.35918855652733,85.09162199649464,-15.732433439967311,69.35918855652733,85.09162199649464,-15.732433439967311,0,89.60674075315274,8.509162199649463,81.09757855350327,0,41,0.61981
2025-10-16,58.05945629410692,64.88559404135366,-6.826137747246733,58.05945629410692,64.88559404135366,-6.826137747246733,0,71.32958740853569,6.4885594041353665,64.84102800440033,0,41,0.6512
2025-10-17,151.017676544679,202.06592023153848,-51.04824368685948,151.017676544679,202.06592023153848,-51.04824368685948,0,140.7965940265929,20.20659202315385,120.59000200343905,0,39,1.22831
2025-10-18,143.90208095030633,188.9388425345847,-45.036761584278366,143.90208095030633,188.9388425345847,-45.036761584278366,0,222.34102025003062,18.89388425345847,203.44713599657214,0,33,2.24757
2025-10-19,4.004770035336611,71.84385277564837,-67.83908274031177,-3.84442135465969,68.99351662619756,-72.83793798085728,0,181.46227377790865,7.184385277564837,174.2778885003438,0,40,1.19131
2025-10-20,21.969754926221896,21.33552351360926,0.634231412612639,21.969754926221896,21.33552351360926,0.634231412612639,0,23.85607400443469,2.133552351360926,21.722521653073763,0,31,0.33501000000000003
2025-10-21,41.779606545934726,44.29431332876907,-2.5147067828343443,44.12364095132153,43.671489934229285,0.4521510170922449,0,60.941309411905976,4.4294313328769075,56.51187807902907,0,38,0.63751
2025-10-22,108.42555282936937,100.83518833056029,7.59036449880907,108.42555282936937,100.83518833056029,7.59036449880907,0,80.23305018506193,10.08351883305603,70.14953135200591,0,40,1.1218599999999999
2025-10-23,151.5167651812232,169.92394281529587,-18.407177634072664,151.48354204000822,169.87693852582586,-18.393396485817664,0,211.2769698530598,16.992394281529588,194.2845755715302,0,38,2.6538700000000004
2025-10-24,143.76650083748464,137.55423318176634,6.212267655718322,128.707248218635,128.83945523434318,-0.13220701570816917,0,40.57821716106098,13.755423318176634,26.822793842884334,0,38,3.77123
2025-10-25,12.040848857688779,16.34134107059928,-4.300492212910503,-3.6456002967806116,8.17067053529964,-11.816270832080253,0,-16.194759620356123,1.6341341070599282,-17.82889372741605,0,39,2.5809800000000003
2025-10-26,15.212683018484853,19.449573324752564,-4.236890306267712,15.900711089867427,9.724786662376282,6.175924427491144,0,16.45113354697348,1.9449573324752567,14.506176214498229,0,39,3.20313
2025-10-27,50.3662892469908,51.41415151794942,-1.047862270958623,50.37299137942531,51.40177868374282,-1.0287873043175153,0,11.924219162386581,5.141415151794943,6.782804010591639,0,37,0.77654
2025-10-28,226.20787839016768,258.5142917973308,-32.306413407163184,226.20787839016768,258.5142917973308,-32.306413407163184,0,172.24666546445428,25.85142917973309,146.3952362847212,0,39,3.63176
2025-10-29,322.3421159556758,315.03366043996937,7.308455515706489,322.3421159556758,315.03366043996937,7.308455515706489,0,325.7322596486926,31.503366043996937,294.22889360469566,0,38,3.74462
2025-10-30,57.25534985681021,66.06759623427116,-8.812246377460953,50.21395224400348,52.054596612491466,-1.8406443684879794,0,41.85794990499352,6.606759623427116,35.25119028156641,0,35,1.99579
2025-10-31,259.5804722233929,287.57746778392027,-27.996995560527377,259.5804722233929,287.57746778392027,-27.996995560527377,0,285.7547321034643,28.757746778392026,256.9969853250723,0,38,3.9200600000000003
2025-11-01,29.676488202723053,19.067683386496356,10.608804816226698,48.91068779332639,13.797248014659182,35.1134397786672,0,79.9534028440848,1.9067683386496355,78.04663450543516,0,35,0.78387
2025-11-02,60.01075412651996,78.78971813121649,-18.77896400469653,60.01075412651996,78.78971813121649,-18.77896400469653,0,93.258834777777,7.87897181312165,85.37986296465533,0,34,1.36958
2025-11-03,57.11281154793696,56.74217135110909,0.37064019682786586,57.11281154793696,56.74217135110909,0.37064019682786586,0,50.17761134473119,5.67421713511091,44.50339420962029,0,34,0.89946
2025-11-04,74.6275796760591,83.1873615678818,-8.55978189182268,74.6275796760591,83.1873615678818,-8.55978189182268,0,-73.64146755389409,8.31873615678818,-81.96020371068228,0,37,1.3533300000000001
2025-11-05,39.85208794787734,43.41181509081164,-3.5597271429343005,39.85208794787734,43.41181509081164,-3.5597271429343005,0,55.17082958072523,4.341181509081164,50.82964807164407,0,34,0.65798
2025-11-06,34.749356411691394,35.4928032548201,-0.743446843128704,34.749356411691394,35.4928032548201,-0.743446843128704,0,34.31315238023164,3.5492803254820102,30.76387205474963,0,30,0.43008
2025-11-07,96.9187071980896,99.56569076049038,-2.646983562400785,96.9187071980896,99.56569076049038,-2.646983562400785,0,123.21514971662147,9.956569076049039,113.25858064057242,0,34,1.16846
2025-11-08,274.5320754830992,264.36507142992696,10.167004053172253,274.5320754830992,264.36507142992696,10.167004053172253,0,190.82933884355992,26.436507142992696,164.39283170056723,0,38,3.25417
2025-11-09,115.6140077960267,108.7489739291509,6.865033866875793,115.6140077960267,108.7489739291509,6.865033866875793,0,102.38425969779017,10.874897392915091,91.50936230487507,0,35,1.44092
2025-11-10,318.7736050130009,305.32340518716194,13.450199825838991,318.7736050130009,305.32340518716194,13.450199825838991,0,212.9261521412376,30.532340518716197,182.39381162252138,0,38,4.004379999999999
2025-11-11,44.13263669151,46.596337910199146,-2.4637012186891525,44.13263669151,46.596337910199146,-2.4637012186891525,0,53.2949076087135,4.659633791019916,48.63527381769359,0,27,0.57419
2025-11-12,58.16055308055479,98.50083764362147,-40.340284563066675,58.16055308055479,98.50083764362147,-40.340284563066675,0,261.181085092868,9.850083764362147,251.33100132850583,0,30,1.4927199999999998
2025-11-13,56.230053464217505,98.34250977977155,-42.11245631555405,56.230053464217505,98.34250977977155,-42.11245631555405,0,106.07842462904674,9.834250977977156,96.24417365106959,0,35,1.12714
2025-11-14,31.783197704353242,33.644040703653474,-1.8608429993002296,31.783197704353242,33.644040703653474,-1.8608429993002296,0,45.58413060087282,3.3644040703653473,42.21972653050747,0,28,0.37176
2025-11-15,11.59711842124633,10.582033574223209,1.0150848470231217,11.59711842124633,10.582033574223209,1.0150848470231217,0,10.205508997437132,1.0582033574223209,9.14730564001481,0,28,0.15364
2025-11-16,153.98130445988483,189.90619340167797,-35.92488894179315,153.98130445988483,189.90619340167797,-35.92488894179315,0,194.5053561533635,18.9906193401678,175.51473681319567,0,35,1.9274499999999999
2025-11-17,238.58599848702607,213.03907791553766,25.546920571488407,238.58599848702607,213.03907791553766,25.546920571488407,0,237.7988260975776,21.30390779155377,216.49491830602383,0,34,2.48937
2025-11-18,34.820044290553724,40.36159230507438,-5.541548014520661,34.820044290553724,40.36159230507438,-5.541548014520661,0,31.543360657367877,4.0361592305074385,27.507201426860433,0,29,0.35586
2025-11-19,243.1578680815873,307.3079569229212,-64.15008884133394,147.64090258783727,307.3079569229212,-159.66705433508395,12,289.7412380505962,30.730795692292126,259.0104423583041,12,35,2.81989
2025-11-20,331.5512248463576,546.8032052929995,-215.25198044664188,331.5512248463576,546.8032052929995,-215.25198044664188,0,752.2017739951982,54.68032052929995,697.5214534658983,0,35,3.39872
2025-11-21,209.6768766788906,178.27446503445094,31.402411644439674,209.6768766788906,178.27446503445094,31.402411644439674,0,177.21119924907654,17.827446503445096,159.38375274563145,0,34,1.6253600000000001
2025-11-22,259.451241778458,286.2281589398241,-26.776917161366192,259.451241778458,286.2281589398241,-26.776917161366192,0,257.5570190732208,28.622815893982413,228.93420317923835,0,35,3.11083
2025-11-23,27.775274267503864,23.672830935782105,4.102443331721755,27.775274267503864,23.672830935782105,4.102443331721755,0,30.253268415062887,2.367283093578211,27.885985321484675,0,30,0.42228
2025-11-24,114.37179690225537,100.31232009473516,14.059476807520216,114.37179690225537,100.31232009473516,14.059476807520216,0,93.70775297178804,10.031232009473516,83.67652096231453,0,31,1.04344
2025-11-25,287.9618342464833,285.56992516547064,2.39190908101264,287.9618342464833,285.56992516547064,2.39190908101264,0,248.46248784327332,28.556992516547066,219.90549532672628,0,35,2.88325
2025-11-26,71.28904797641265,73.44540374709567,-2.1563557706830108,71.28904797641265,73.44540374709567,-2.1563557706830108,0,49.43253323426626,7.344540374709567,42.08799285955669,0,31,0.4471299999999999
2025-11-27,53.09917767087525,40.398300903049496,12.700876767825747,53.09917767087525,40.398300903049496,12.700876767825747,0,54.33274449740002,4.03983009030495,50.29291440709507,0,31,0.5957399999999999
2025-11-28,19.88109831406913,13.864690207753997,6.016408106315135,19.88109831406913,13.864690207753997,6.016408106315135,0,22.291498001281912,1.3864690207753998,20.905028980506515,0,24,0.20342
2025-11-29,166.50441567673155,155.864671516147,10.639744160584563,166.50441567673155,155.864671516147,10.639744160584563,0,147.23849851211065,15.586467151614702,131.65203136049595,0,35,1.89561
2025-11-30,263.72676457996147,287.7340680263219,-24.007303446360424,263.72676457996147,287.7340680263219,-24.007303446360424,0,254.05862268462116,28.7734068026322,225.28521588198896,0,35,3.33654
2025-12-01,22.065185531291448,20.588543019907945,1.4766425113834998,22.065185531291448,20.588543019907945,1.4766425113834998,0,24.17259882319164,2.0588543019907948,22.11374452120085,0,30,0.23803000000000002
2025-12-02,61.65659401677403,92.11721922087055,-30.460625204096516,61.65659401677403,92.11721922087055,-30.460625204096516,0,110.8334572361149,9.211721922087055,101.62173531402786,0,33,0.8815299999999999
2025-12-03,300.079318444294,292.5907505833559,7.488567860938106,300.079318444294,292.5907505833559,7.488567860938106,0,304.4358770951794,29.259075058335593,275.1768020368438,0,31,2.3101399999999996
2025-12-04,267.40175274739624,274.8683954626624,-7.466642715266172,267.40175274739624,274.8683954626624,-7.466642715266172,0,143.9736001741771,27.486839546266243,116.48676062791088,0,34,2.99828
2025-12-05,105.68120561207641,76.55819230648112,29.123013305595276,105.68120561207641,76.55819230648112,29.123013305595276,0,142.97321573302014,7.655819230648113,135.31739650237202,0,26,0.64692
2025-12-06,15.936399506758342,15.015906597461196,0.9204929092971442,15.936399506758342,15.015906597461196,0.9204929092971442,0,10.032473433425833,1.5015906597461197,8.530882773679714,0,27,0.24036000000000002
2025-12-07,49.198821975413125,62.690854623920636,-13.49203264850751,49.198821975413125,62.690854623920636,-13.49203264850751,0,84.69883275135382,6.269085462392064,78.42974728896175,0,25,0.75735
2025-12-08,36.93922197149054,47.531068008975396,-10.59184603748486,36.93922197149054,47.531068008975396,-10.59184603748486,0,81.77550106833655,4.753106800897541,77.02239426743901,0,27,0.56976
2025-12-09,37.35224716849399,24.055916016735345,13.296331151758643,37.35224716849399,24.055916016735345,13.296331151758643,0,35.1231187149119,2.4055916016735344,32.71752711323837,0,25,0.41592
2025-12-10,204.3078920324174,214.49592585712276,-10.18803382470534,204.3078920324174,214.49592585712276,-10.18803382470534,0,260.81137201105423,21.449592585712278,239.36177942534198,0,31,2.4376800000000003
2025-12-11,49.242484752541266,51.635622735805555,-2.393137983264297,49.242484752541266,51.635622735805555,-2.393137983264297,0,50.13929548437912,5.163562273580556,44.975733210798566,0,27,0.5610200000000001
2025-12-12,136.04284518801498,169.5013372327064,-33.4584920446914,136.04284518801498,169.5013372327064,-33.4584920446914,0,142.06993340461398,16.95013372327064,125.11979968134337,0,28,1.24766
2025-12-13,25.592642503750348,24.853514950935804,0.7391275528145473,25.592642503750348,24.853514950935804,0.7391275528145473,0,22.07298597287503,2.4853514950935804,19.587634477781453,0,28,0.27966
2025-12-14,45.932763444665554,37.495669730075626,8.437093714589928,45.932763444665554,37.495669730075626,8.437093714589928,0,42.91472377596656,3.7495669730075627,39.16515680295899,0,33,0.6432
2025-12-15,182.9961076768624,271.46826801710813,-88.47216034024572,182.9961076768624,271.46826801710813,-88.47216034024572,0,401.02657803099873,27.146826801710816,373.8797512292879,0,33,2.68799
2025-12-16,30.84816505075678,37.416430093553586,-6.568265042796806,30.84816505075678,37.416430093553586,-6.568265042796806,0,25.186725155388174,3.741643009355359,21.445082146032817,0,26,0.29112
2025-12-17,80.01108833950602,74.14704792265663,5.864040416849377,80.01108833950602,74.14704792265663,5.864040416849377,0,73.4650690013881,7.414704792265663,66.05036420912245,0,24,0.7303200000000001
2025-12-18,178.93157914297012,187.49752586665608,-8.56594672368595,178.93157914297012,187.49752586665608,-8.56594672368595,0,90.61206925742201,18.749752586665608,71.8623166707564,0,35,2.6976199999999997
2025-12-19,134.08120347197615,125.6750742626165,8.406129209359655,134.08120347197615,125.6750742626165,8.406129209359655,0,115.03529707051013,12.567507426261653,102.46778964424846,0,28,1.54927
2025-12-20,27.21399233574373,23.122514924987946,4.091477410755779,27.21399233574373,23.122514924987946,4.091477410755779,0,26.09325684388687,2.312251492498795,23.781005351388078,0,23,0.27831999999999996
2025-12-21,40.037153993151406,50.32287520103269,-10.28572120788128,40.037153993151406,50.32287520103269,-10.28572120788128,0,44.98068629669014,5.032287520103269,39.94839877658688,0,29,0.45621
2025-12-22,36.30500627717086,42.32295457695863,-6.017948299787768,36.30500627717086,42.32295457695863,-6.017948299787768,0,31.012075269654588,4.232295457695864,26.779779811958722,0,29,0.39627
2025-12-23,40.65805645748607,70.64458389242783,-29.98652743494177,40.65805645748607,70.64458389242783,-29.98652743494177,0,55.19280653424861,7.064458389242784,48.12834814500582,0,27,0.5566899999999999
2025-12-24,57.93731518410861,55.062286038438394,2.8750291456702293,57.93731518410861,55.062286038438394,2.8750291456702293,0,19.484443943348364,5.506228603843839,13.978215339504526,0,31,1.0295
2025-12-25,20.598696307206872,23.372753592375922,-2.774057285169051,20.598696307206872,23.372753592375922,-2.774057285169051,0,32.00661105503319,2.337275359237592,29.669335695795596,0,26,0.42528
2025-12-26,42.91358578439713,48.381359811624165,-5.46777402722704,42.91358578439713,48.381359811624165,-5.46777402722704,0,44.24811883493972,4.8381359811624165,39.409982853777294,0,28,0.47467
2025-12-27,17.791673194878104,18.645257707168696,-0.8535845122905936,17.791673194878104,18.645257707168696,-0.8535845122905936,0,13.622372504737811,1.8645257707168696,11.75784673402094,0,25,0.21492
2025-12-28,89.16308468684676,77.34639293010248,11.816691756744273,89.16308468684676,77.34639293010248,11.816691756744273,0,51.76046481943468,7.734639293010249,44.02582552642443,0,34,1.23178
2025-12-29,164.9834527787428,224.51496991572333,-59.531517136980554,164.9834527787428,224.51496991572333,-59.531517136980554,0,210.49174466106177,22.451496991572334,188.04024766948945,0,30,1.79624
2025-12-30,247.75443845766796,226.28647247135171,21.467965986316223,247.75443845766796,226.28647247135171,21.467965986316223,0,264.07931775782924,22.62864724713517,241.45067051069412,0,35,2.9969
2025-12-31,76.56197165940935,70.21528536046728,6.34668629894208,76.56197165940935,70.21528536046728,6.34668629894208,0,77.25105054612843,7.02152853604673,70.2295220100817,0,35,0.85259
